country,continent,pop,number,gold,silver,bronze,number_1,gold_1,silver_1,bronze_1
Afghanistan,Asia,8425.333,13,NA,NA,2,NA,NA,NA,NA
Algeria,Africa,9279.525,12,5,2,8,3,NA,NA,NA
Argentina,Americas,17876.956,23,18,24,28,18,NA,NA,NA
Australia,Oceania,8691.212,25,139,152,177,18,5,3,4
Austria,Europe,6927.772,26,18,33,35,22,59,78,81
Bahrain,Asia,120.447,8,NA,NA,1,NA,NA,NA,NA
Belgium,Europe,8730.405,25,37,52,53,20,1,1,3
Botswana,Africa,442.308,9,NA,1,NA,NA,NA,NA,NA
Brazil,Americas,56602.56,21,23,30,55,7,NA,NA,NA
Bulgaria,Europe,7274.9,19,51,85,78,19,1,2,3
Burundi,Africa,2445.618,5,1,NA,NA,NA,NA,NA,NA
Cameroon,Africa,5009.067,13,3,1,1,1,NA,NA,NA
Canada,Americas,14785.584,25,59,99,121,22,62,56,52
Chile,Americas,6377.619,22,2,7,4,16,NA,NA,NA
China,Asia,556263.528,9,201,146,126,10,12,22,19
Colombia,Americas,12350.771,18,2,6,11,1,NA,NA,NA
Costa Rica,Americas,926.317,14,1,1,2,6,NA,NA,NA
Croatia,Europe,3882.229,6,6,7,10,7,4,6,1
Cuba,Americas,6007.797,19,72,67,70,NA,NA,NA,NA
Czech Republic,Europe,9125.183,5,14,15,15,6,7,9,8
Denmark,Europe,4334,26,43,68,68,13,NA,1,NA
Djibouti,Africa,63.149,7,NA,NA,1,NA,NA,NA,NA
Dominican Republic,Americas,2491.346,13,3,2,1,NA,NA,NA,NA
Ecuador,Americas,3548.753,13,1,1,NA,NA,NA,NA,NA
Egypt,Africa,22223.309,21,7,9,10,1,NA,NA,NA
Eritrea,Africa,1438.76,4,NA,NA,1,NA,NA,NA,NA
Ethiopia,Africa,20860.941,12,21,7,17,2,NA,NA,NA
Finland,Europe,4090.5,24,101,84,117,22,42,62,57
France,Europe,42459.667,27,202,223,246,22,31,31,47
Gabon,Africa,420.702,9,NA,1,NA,NA,NA,NA,NA
Germany,Europe,69145.952,15,174,182,217,11,78,78,53
Ghana,Africa,5581.001,13,NA,1,3,1,NA,NA,NA
Greece,Europe,7733.25,27,30,42,39,18,NA,NA,NA
Guatemala,Americas,3146.381,13,NA,1,NA,1,NA,NA,NA
Haiti,Americas,3201.488,14,NA,1,1,NA,NA,NA,NA
Hungary,Europe,9504,25,167,144,165,22,NA,2,4
Iceland,Europe,147.962,19,NA,2,2,17,NA,NA,NA
India,Asia,372000,23,9,6,11,9,NA,NA,NA
Indonesia,Asia,82052,14,6,10,11,NA,NA,NA,NA
Iran,Asia,17272,15,15,20,25,10,NA,NA,NA
Iraq,Asia,5441.766,13,NA,NA,1,NA,NA,NA,NA
Ireland,Europe,2952.156,20,9,8,12,6,NA,NA,NA
Israel,Asia,1620.914,15,1,1,5,6,NA,NA,NA
Italy,Europe,47666,26,198,166,185,22,37,34,43
Jamaica,Americas,1426.095,16,17,30,20,7,NA,NA,NA
Japan,Asia,86459.025,21,130,126,142,20,10,17,18
Kenya,Africa,6464.046,13,25,32,29,3,NA,NA,NA
Kuwait,Asia,160,12,NA,NA,2,NA,NA,NA,NA
Lebanon,Asia,1439.529,16,NA,2,2,16,NA,NA,NA
Malaysia,Asia,6748.378,12,NA,3,3,NA,NA,NA,NA
Mauritius,Africa,516.556,8,NA,NA,1,NA,NA,NA,NA
Mexico,Americas,30144.317,22,13,21,28,8,NA,NA,NA
Mongolia,Asia,800.663,12,2,9,13,13,NA,NA,NA
Montenegro,Europe,413.834,2,NA,1,NA,2,NA,NA,NA
Morocco,Africa,9939.217,13,6,5,11,6,NA,NA,NA
Mozambique,Africa,6446.316,9,1,NA,1,NA,NA,NA,NA
Namibia,Africa,485.831,6,NA,4,NA,NA,NA,NA,NA
Netherlands,Europe,10381.988,25,77,85,104,20,37,38,35
New Zealand,Oceania,1994.794,22,42,18,39,15,NA,1,NA
Niger,Africa,3379.468,11,NA,NA,1,NA,NA,NA,NA
Nigeria,Africa,33119.096,15,3,8,12,NA,NA,NA,NA
Norway,Europe,3327.728,24,56,49,43,22,118,111,100
Pakistan,Asia,41346.56,16,3,3,4,2,NA,NA,NA
Panama,Americas,940.08,16,1,NA,2,NA,NA,NA,NA
Paraguay,Americas,1555.876,11,NA,1,NA,1,NA,NA,NA
Peru,Americas,8025.7,17,1,3,NA,2,NA,NA,NA
Philippines,Asia,22438.691,20,NA,2,7,4,NA,NA,NA
Poland,Europe,25730.551,20,64,82,125,22,6,7,7
Portugal,Europe,8526.05,23,4,8,11,7,NA,NA,NA
Puerto Rico,Americas,2227,17,NA,2,6,6,NA,NA,NA
Romania,Europe,16630,20,88,94,119,20,NA,NA,1
Saudi Arabia,Asia,4005.677,10,NA,1,2,NA,NA,NA,NA
Senegal,Africa,2755.589,13,NA,1,NA,5,NA,NA,NA
Serbia,Europe,6860.147,3,1,2,4,2,NA,NA,NA
Singapore,Asia,1127,15,NA,2,2,NA,NA,NA,NA
Slovenia,Europe,1489.518,6,4,6,9,7,2,4,9
South Africa,Africa,14264.935,18,23,26,27,6,NA,NA,NA
Spain,Europe,28549.87,22,37,59,35,19,1,NA,1
Sri Lanka,Asia,7982.342,16,NA,2,NA,NA,NA,NA,NA
Sudan,Africa,8504.667,11,NA,1,NA,NA,NA,NA,NA
Sweden,Europe,7124.673,26,143,164,176,22,50,40,54
Switzerland,Europe,4815,27,47,73,65,22,50,40,48
Syria,Asia,3661.549,12,1,1,1,NA,NA,NA,NA
Tanzania,Africa,8322.925,12,NA,2,NA,NA,NA,NA,NA
Thailand,Asia,21289.402,15,7,6,11,3,NA,NA,NA
Togo,Africa,1219.113,9,NA,NA,1,1,NA,NA,NA
Trinidad and Tobago,Americas,662.85,16,2,5,11,3,NA,NA,NA
Tunisia,Africa,3647.735,13,3,3,4,NA,NA,NA,NA
Turkey,Europe,22235.677,21,39,25,24,16,NA,NA,NA
Uganda,Africa,5824.797,14,2,3,2,NA,NA,NA,NA
United States,Americas,157553,26,976,757,666,22,96,102,84
Uruguay,Americas,2252.965,20,2,2,6,1,NA,NA,NA
Venezuela,Americas,5439.568,17,2,2,8,4,NA,NA,NA
Vietnam,Asia,26246.839,14,NA,2,NA,NA,NA,NA,NA
Zambia,Africa,2672,12,NA,1,1,NA,NA,NA,NA
Zimbabwe,Africa,3080.907,12,3,4,1,1,NA,NA,NA
Totals,,,1524,3464,3445,3716,689,709,745,732
