date,country_price,continent
4/1/2000,Argentina::2.5,Americas
4/1/2000,Australia::1.541666667,Oceania
4/1/2000,Brazil::1.648044693,Americas
4/1/2000,Canada::1.93877551,Americas
4/1/2000,Switzerland::3.470588235,Europe
4/1/2000,Chile::2.451361868,Americas
4/1/2000,China::1.195652174,Asia
4/1/2000,Czech Republic::1.390537084,Europe
4/1/2000,Denmark::3.078358209,Europe
4/1/2000,Hungary::1.215053763,Europe
4/1/2000,Indonesia::1.825047199,Asia
4/1/2000,Israel::3.580246914,Asia
4/1/2000,Japan::2.773584906,Asia
4/1/2000,Mexico::2.221041445,Americas
4/1/2000,Malaysia::1.189473684,Asia
4/1/2000,New Zealand::1.691542289,Oceania
4/1/2000,Poland::1.279069767,Europe
4/1/2000,Singapore::1.882352941,Asia
4/1/2000,Sweden::2.714932127,Europe
4/1/2000,Thailand::1.447368421,Asia
4/1/2000,Taiwan::2.287581699,Asia
4/1/2000,United States::2.51,Americas
4/1/2000,South Africa::1.339285714,Africa
4/1/2001,Argentina::2.5,Americas
4/1/2001,Australia::1.515151515,Oceania
4/1/2001,Brazil::1.643835616,Americas
4/1/2001,Canada::2.134615385,Americas
4/1/2001,Switzerland::3.641618497,Europe
4/1/2001,Chile::2.096505824,Americas
4/1/2001,China::1.195652174,Asia
4/1/2001,Czech Republic::1.435897436,Europe
4/1/2001,Denmark::2.925531915,Europe
4/1/2001,Hungary::1.316831683,Europe
4/1/2001,Indonesia::1.354214648,Asia
4/1/2001,Japan::2.370967742,Asia
4/1/2001,Mexico::2.35737352,Americas
4/1/2001,Malaysia::1.189473684,Asia
4/1/2001,New Zealand::1.457489879,Oceania
4/1/2001,Philippines::1.172962227,Asia
4/1/2001,Poland::1.464019851,Europe
4/1/2001,Singapore::1.82320442,Asia
4/1/2001,Sweden::2.33463035,Europe
4/1/2001,Thailand::1.208791209,Asia
4/1/2001,Taiwan::2.127659574,Asia
4/1/2001,United States::2.54,Americas
4/1/2001,South Africa::1.193111931,Africa
4/1/2002,Argentina::0.798722045,Americas
4/1/2002,Australia::1.612903226,Oceania
4/1/2002,Brazil::1.538461538,Americas
4/1/2002,Canada::2.121019108,Americas
4/1/2002,Switzerland::3.795180723,Europe
4/1/2002,Chile::2.13740458,Americas
4/1/2002,China::1.268115942,Asia
4/1/2002,Czech Republic::1.655294118,Europe
4/1/2002,Denmark::2.953460621,Europe
4/1/2002,Hungary::1.6875,Europe
4/1/2002,Indonesia::1.696712619,Asia
4/1/2002,Israel::2.505219207,Asia
4/1/2002,Japan::2.015384615,Asia
4/1/2002,Mexico::2.359913793,Americas
4/1/2002,Malaysia::1.326315789,Asia
4/1/2002,Norway::4.088785047,Europe
4/1/2002,New Zealand::1.607142857,Oceania
4/1/2002,Peru::2.478134111,Americas
4/1/2002,Philippines::1.274509804,Asia
4/1/2002,Poland::1.46039604,Europe
4/1/2002,Singapore::1.813186813,Asia
4/1/2002,Sweden::2.5,Europe
4/1/2002,Thailand::1.270207852,Asia
4/1/2002,Turkey::3.02000755,Europe
4/1/2002,Taiwan::2.011494253,Asia
4/1/2002,United States::2.49,Americas
4/1/2002,South Africa::0.889908257,Africa
4/1/2003,Argentina::1.423611111,Americas
4/1/2003,Australia::1.863354037,Oceania
4/1/2003,Brazil::1.482084691,Americas
4/1/2003,Canada::2.206896552,Americas
4/1/2003,Switzerland::4.598540146,Europe
4/1/2003,Chile::1.955307263,Americas
4/1/2003,China::1.195652174,Asia
4/1/2003,Czech Republic::1.957439446,Europe
4/1/2003,Denmark::4.092920354,Europe
4/1/2003,Egypt::1.351351351,Africa
4/1/2003,Hungary::2.1875,Europe
4/1/2003,Indonesia::1.842105263,Asia
4/1/2003,Japan::2.183333333,Asia
4/1/2003,Mexico::2.184235518,Americas
4/1/2003,Malaysia::1.326315789,Asia
4/1/2003,New Zealand::2.219101124,Oceania
4/1/2003,Peru::2.283236994,Americas
4/1/2003,Philippines::1.238095238,Asia
4/1/2003,Poland::1.619537275,Europe
4/1/2003,Singapore::1.853932584,Asia
4/1/2003,Sweden::3.597122302,Europe
4/1/2003,Thailand::1.381733021,Asia
4/1/2003,Turkey::2.343017807,Europe
4/1/2003,Taiwan::2.011494253,Asia
4/1/2003,United States::2.71,Americas
4/1/2003,South Africa::1.845238095,Africa
5/1/2004,Argentina::1.477966102,Americas
5/1/2004,Australia::2.272727273,Oceania
5/1/2004,Brazil::1.698113208,Americas
5/1/2004,Canada::2.328467153,Americas
5/1/2004,Switzerland::4.88372093,Europe
5/1/2004,Chile::2.184087363,Americas
5/1/2004,China::1.256038647,Asia
5/1/2004,Colombia::2.346714419,Americas
5/1/2004,Costa Rica::2.606389113,Americas
5/1/2004,Czech Republic::2.129056604,Europe
5/1/2004,Denmark::4.461414791,Europe
5/1/2004,Egypt::1.615508885,Africa
5/1/2004,Hungary::2.511848341,Europe
5/1/2004,Indonesia::1.765350877,Asia
5/1/2004,Japan::2.318584071,Asia
5/1/2004,Sri Lanka::1.414141414,Asia
5/1/2004,Mexico::2.068965517,Americas
5/1/2004,Malaysia::1.326315789,Asia
5/1/2004,Norway::5.183162751,Europe
5/1/2004,New Zealand::2.652439024,Oceania
5/1/2004,Pakistan::1.904432133,Asia
5/1/2004,Peru::2.575931232,Americas
5/1/2004,Philippines::1.234347048,Asia
5/1/2004,Poland::1.627906977,Europe
5/1/2004,Saudi Arabia::0.639965868,Asia
5/1/2004,Singapore::1.929824561,Asia
5/1/2004,Sweden::3.94218134,Europe
5/1/2004,Thailand::1.446078431,Asia
5/1/2004,Turkey::2.580013063,Europe
5/1/2004,Taiwan::2.245508982,Asia
5/1/2004,Uruguay::1.002185976,Americas
5/1/2004,United States::2.9,Americas
5/1/2004,South Africa::1.861861862,Africa
6/1/2005,Argentina::1.639627201,Americas
6/1/2005,Australia::2.497118709,Oceania
6/1/2005,Brazil::2.393703343,Americas
6/1/2005,Canada::2.625260125,Americas
6/1/2005,Switzerland::5.0501002,Europe
6/1/2005,Chile::2.531859229,Americas
6/1/2005,China::1.268667537,Asia
6/1/2005,Colombia::2.792456073,Americas
6/1/2005,Costa Rica::2.377445824,Americas
6/1/2005,Czech Republic::2.299019188,Europe
6/1/2005,Denmark::4.575659142,Europe
6/1/2005,Egypt::1.551724138,Africa
6/1/2005,Hungary::2.602593755,Europe
6/1/2005,Indonesia::1.529596647,Asia
6/1/2005,Japan::2.342688469,Asia
6/1/2005,Sri Lanka::1.75096303,Asia
6/1/2005,Mexico::2.576489533,Americas
6/1/2005,Malaysia::1.381578947,Asia
6/1/2005,Norway::6.06286727,Europe
6/1/2005,New Zealand::3.173358055,Oceania
6/1/2005,Pakistan::2.18047635,Asia
6/1/2005,Peru::2.762244208,Americas
6/1/2005,Philippines::1.466544455,Asia
6/1/2005,Poland::1.963983563,Europe
6/1/2005,Saudi Arabia::2.399936002,Asia
6/1/2005,Singapore::2.167760583,Asia
6/1/2005,Sweden::4.166554663,Europe
6/1/2005,Thailand::1.4803849,Asia
6/1/2005,Turkey::2.92184076,Europe
6/1/2005,Taiwan::2.405773857,Asia
6/1/2005,Uruguay::1.823834197,Americas
6/1/2005,United States::3.06,Americas
6/1/2005,South Africa::2.098312325,Africa
1/1/2006,Argentina::1.550362295,Americas
1/1/2006,Australia::2.442140066,Oceania
1/1/2006,Brazil::2.741543224,Americas
1/1/2006,Canada::3.007518797,Americas
1/1/2006,Switzerland::4.931120852,Europe
1/1/2006,Chile::2.984218077,Americas
1/1/2006,China::1.302067187,Asia
1/1/2006,Czech Republic::2.600943891,Europe
1/1/2006,Denmark::4.492544804,Europe
1/1/2006,Egypt::1.611498258,Africa
1/1/2006,Hungary::2.705889175,Europe
1/1/2006,Indonesia::1.543340381,Asia
1/1/2006,Japan::2.187130922,Asia
1/1/2006,Mexico::2.655916528,Americas
1/1/2006,Malaysia::1.46713615,Asia
1/1/2006,New Zealand::3.075965992,Oceania
1/1/2006,Peru::2.756819501,Americas
1/1/2006,Philippines::1.559528338,Asia
1/1/2006,Poland::2.086610382,Europe
1/1/2006,Singapore::2.20143093,Asia
1/1/2006,Sweden::4.279101129,Europe
1/1/2006,Thailand::1.50924412,Asia
1/1/2006,Turkey::3.067714179,Europe
1/1/2006,Taiwan::2.347454577,Asia
1/1/2006,United States::3.15,Americas
1/1/2006,South Africa::2.294294689,Africa
5/1/2006,Argentina::2.290201211,Americas
5/1/2006,Australia::2.438969479,Oceania
5/1/2006,Brazil::2.777175092,Americas
5/1/2006,Canada::3.141594895,Americas
5/1/2006,Switzerland::5.21156471,Europe
5/1/2006,Chile::2.943673932,Americas
5/1/2006,China::1.308248193,Asia
5/1/2006,Colombia::2.596261384,Americas
5/1/2006,Costa Rica::2.217708303,Americas
5/1/2006,Czech Republic::2.671002994,Europe
5/1/2006,Denmark::4.769475358,Europe
5/1/2006,Egypt::1.646233159,Africa
5/1/2006,Hungary::2.713909367,Europe
5/1/2006,Indonesia::1.565683646,Asia
5/1/2006,Japan::2.230052183,Asia
5/1/2006,Sri Lanka::1.845466466,Asia
5/1/2006,Mexico::2.565667826,Americas
5/1/2006,Malaysia::1.515360242,Asia
5/1/2006,Norway::7.046523442,Europe
5/1/2006,New Zealand::2.745202065,Oceania
5/1/2006,Pakistan::2.164682374,Asia
5/1/2006,Peru::2.913216805,Americas
5/1/2006,Philippines::1.6152019,Asia
5/1/2006,Poland::2.097349273,Europe
5/1/2006,Saudi Arabia::2.400640171,Asia
5/1/2006,Singapore::2.268002268,Asia
5/1/2006,Sweden::4.530135698,Europe
5/1/2006,Thailand::1.560671089,Asia
5/1/2006,Turkey::2.724618878,Europe
5/1/2006,Taiwan::2.333468156,Asia
5/1/2006,Uruguay::1.767189133,Americas
5/1/2006,United States::3.1,Americas
5/1/2006,South Africa::2.114597544,Africa
1/1/2007,Argentina::2.670983408,Americas
1/1/2007,Australia::2.723257806,Oceania
1/1/2007,Brazil::2.999765643,Americas
1/1/2007,Canada::3.089756139,Americas
1/1/2007,Switzerland::5.046055266,Europe
1/1/2007,Chile::3.091733778,Americas
1/1/2007,China::1.414918385,Asia
1/1/2007,Colombia::3.081285655,Americas
1/1/2007,Costa Rica::2.217708303,Americas
1/1/2007,Czech Republic::2.423126205,Europe
1/1/2007,Denmark::4.823528389,Europe
1/1/2007,Egypt::1.594736842,Africa
1/1/2007,Hungary::3.034609464,Europe
1/1/2007,Indonesia::1.749174917,Asia
1/1/2007,Japan::2.302915656,Asia
1/1/2007,Sri Lanka::1.845466466,Asia
1/1/2007,Mexico::2.663140302,Americas
1/1/2007,Malaysia::1.570531125,Asia
1/1/2007,Norway::6.800714485,Europe
1/1/2007,New Zealand::3.22137875,Oceania
1/1/2007,Pakistan::2.331196403,Asia
1/1/2007,Peru::2.97852328,Americas
1/1/2007,Philippines::1.732925586,Asia
1/1/2007,Poland::2.321864221,Europe
1/1/2007,Saudi Arabia::2.400640171,Asia
1/1/2007,Singapore::2.340778309,Asia
1/1/2007,Sweden::4.544647612,Europe
1/1/2007,Thailand::1.756373938,Asia
1/1/2007,Turkey::3.22752261,Europe
1/1/2007,Taiwan::2.277869736,Asia
1/1/2007,Uruguay::2.298850575,Americas
1/1/2007,United States::3.22,Americas
1/1/2007,South Africa::2.180104786,Africa
6/1/2007,Argentina::2.668607472,Americas
6/1/2007,Australia::2.948717949,Oceania
6/1/2007,Brazil::3.606900157,Americas
6/1/2007,Canada::3.683136361,Americas
6/1/2007,Switzerland::5.201453104,Europe
6/1/2007,Chile::2.971048885,Americas
6/1/2007,China::1.446473891,Asia
6/1/2007,Colombia::3.527607362,Americas
6/1/2007,Costa Rica::2.178838274,Americas
6/1/2007,Czech Republic::2.505120343,Europe
6/1/2007,Denmark::5.082138344,Europe
6/1/2007,Egypt::1.676551997,Africa
6/1/2007,Hungary::3.329437891,Europe
6/1/2007,Indonesia::1.763727121,Asia
6/1/2007,Japan::2.289171402,Asia
6/1/2007,Sri Lanka::1.885098743,Asia
6/1/2007,Mexico::2.693277487,Americas
6/1/2007,Malaysia::1.601397583,Asia
6/1/2007,Norway::6.880063297,Europe
6/1/2007,New Zealand::3.594592483,Oceania
6/1/2007,Pakistan::2.319032632,Asia
6/1/2007,Peru::2.999684244,Americas
6/1/2007,Philippines::1.851952721,Asia
6/1/2007,Poland::2.50740411,Europe
6/1/2007,Saudi Arabia::2.399712035,Asia
6/1/2007,Singapore::2.592288761,Asia
6/1/2007,Sweden::4.858907629,Europe
6/1/2007,Thailand::1.799448556,Asia
6/1/2007,Turkey::3.659194207,Europe
6/1/2007,Taiwan::2.28864375,Asia
6/1/2007,Uruguay::2.58926707,Americas
6/1/2007,United States::3.41,Americas
6/1/2007,South Africa::2.223497346,Africa
6/1/2008,Argentina::3.64298725,Americas
6/1/2008,Australia::3.362573099,Oceania
6/1/2008,Brazil::4.733055661,Americas
6/1/2008,Canada::4.075531862,Americas
6/1/2008,Switzerland::6.35914494,Europe
6/1/2008,Chile::3.133528758,Americas
6/1/2008,China::1.829089845,Asia
6/1/2008,Colombia::3.891807745,Americas
6/1/2008,Costa Rica::3.266669086,Americas
6/1/2008,Czech Republic::4.55788577,Europe
6/1/2008,Denmark::5.951874841,Europe
6/1/2008,Egypt::2.447058824,Africa
6/1/2008,Hungary::4.644462899,Europe
6/1/2008,Indonesia::2.043269231,Asia
6/1/2008,Japan::2.620373403,Asia
6/1/2008,Sri Lanka::1.952580195,Asia
6/1/2008,Mexico::3.146973497,Americas
6/1/2008,Malaysia::1.69857937,Asia
6/1/2008,Norway::7.875333471,Europe
6/1/2008,New Zealand::3.718600592,Oceania
6/1/2008,Pakistan::1.97461213,Asia
6/1/2008,Peru::3.345070423,Americas
6/1/2008,Philippines::1.95571541,Asia
6/1/2008,Poland::3.445814566,Europe
6/1/2008,Saudi Arabia::2.666986705,Asia
6/1/2008,Singapore::2.919977823,Asia
6/1/2008,Sweden::6.37492975,Europe
6/1/2008,Thailand::1.858513189,Asia
6/1/2008,Turkey::4.317753092,Europe
6/1/2008,Taiwan::2.470152326,Asia
6/1/2008,Uruguay::3.18537859,Americas
6/1/2008,United States::3.57,Americas
6/1/2008,South Africa::2.241100056,Africa
7/1/2009,Argentina::3.017382748,Americas
7/1/2009,Australia::3.372445411,Oceania
7/1/2009,Brazil::4.020830204,Americas
7/1/2009,Canada::3.350992807,Americas
7/1/2009,Switzerland::5.984991483,Europe
7/1/2009,Chile::3.190228785,Americas
7/1/2009,China::1.82943785,Asia
7/1/2009,Colombia::3.340332124,Americas
7/1/2009,Costa Rica::3.433063838,Americas
7/1/2009,Czech Republic::3.63956906,Europe
7/1/2009,Denmark::5.526932084,Europe
7/1/2009,Egypt::2.327767581,Africa
7/1/2009,Hungary::3.615225522,Europe
7/1/2009,Indonesia::2.049019608,Asia
7/1/2009,Israel::3.774297037,Asia
7/1/2009,Japan::3.457030195,Asia
7/1/2009,Sri Lanka::1.828312729,Asia
7/1/2009,Mexico::2.389503563,Americas
7/1/2009,Malaysia::1.879511383,Asia
7/1/2009,Norway::6.145101202,Europe
7/1/2009,New Zealand::3.077212924,Oceania
7/1/2009,Pakistan::2.300242131,Asia
7/1/2009,Peru::2.661029266,Americas
7/1/2009,Philippines::2.054149013,Asia
7/1/2009,Poland::2.408683939,Europe
7/1/2009,Saudi Arabia::2.933020478,Asia
7/1/2009,Singapore::2.881529532,Asia
7/1/2009,Sweden::4.930997642,Europe
7/1/2009,Thailand::1.887604273,Asia
7/1/2009,Turkey::3.645043708,Europe
7/1/2009,Taiwan::2.260704436,Asia
7/1/2009,Uruguay::2.632714717,Americas
7/1/2009,United States::3.57,Americas
7/1/2009,South Africa::2.167743494,Africa
1/1/2010,Argentina::1.842832697,Americas
1/1/2010,Australia::3.977870239,Oceania
1/1/2010,Brazil::4.75831254,Americas
1/1/2010,Canada::3.973765432,Americas
1/1/2010,Switzerland::6.303641565,Europe
1/1/2010,Chile::3.18028225,Americas
1/1/2010,China::1.830911648,Asia
1/1/2010,Colombia::3.912960489,Americas
1/1/2010,Costa Rica::3.518890434,Americas
1/1/2010,Czech Republic::3.714432415,Europe
1/1/2010,Denmark::5.99385891,Europe
1/1/2010,Egypt::2.378774016,Africa
1/1/2010,Hungary::3.857470742,Europe
1/1/2010,Indonesia::2.24248927,Asia
1/1/2010,Israel::3.991962492,Asia
1/1/2010,Japan::3.495739567,Asia
1/1/2010,Sri Lanka::1.828312729,Asia
1/1/2010,Mexico::2.497317335,Americas
1/1/2010,Malaysia::2.081180812,Asia
1/1/2010,Norway::7.023026749,Europe
1/1/2010,New Zealand::3.611305598,Oceania
1/1/2010,Pakistan::2.421307506,Asia
1/1/2010,Peru::2.806479707,Americas
1/1/2010,Philippines::2.210801394,Asia
1/1/2010,Poland::2.85648793,Europe
1/1/2010,Saudi Arabia::2.666524452,Asia
1/1/2010,Singapore::3.188706961,Asia
1/1/2010,Sweden::5.506841191,Europe
1/1/2010,Thailand::2.11256979,Asia
1/1/2010,Turkey::3.831677461,Europe
1/1/2010,Taiwan::2.355342702,Asia
1/1/2010,Uruguay::3.32326284,Americas
1/1/2010,United States::3.58,Americas
1/1/2010,South Africa::2.457389281,Africa
7/1/2010,Argentina::3.558945027,Americas
7/1/2010,Australia::3.8369175,Oceania
7/1/2010,Brazil::4.907180484,Americas
7/1/2010,Canada::4.000575622,Americas
7/1/2010,Switzerland::6.185468906,Europe
7/1/2010,Chile::3.34192686,Americas
7/1/2010,China::1.947793239,Asia
7/1/2010,Colombia::4.388664401,Americas
7/1/2010,Costa Rica::3.830573724,Americas
7/1/2010,Czech Republic::3.425226357,Europe
7/1/2010,Denmark::4.902255898,Europe
7/1/2010,Egypt::2.281101948,Africa
7/1/2010,Hungary::3.333796611,Europe
7/1/2010,Indonesia::2.513516496,Asia
7/1/2010,Israel::3.858204511,Asia
7/1/2010,Japan::3.670566644,Asia
7/1/2010,Sri Lanka::1.86211483,Asia
7/1/2010,Mexico::2.503520576,Americas
7/1/2010,Malaysia::2.193869613,Asia
7/1/2010,Norway::7.204322594,Europe
7/1/2010,New Zealand::3.59,Oceania
7/1/2010,Pakistan::2.455422391,Asia
7/1/2010,Peru::3.536693192,Americas
7/1/2010,Philippines::2.194964493,Asia
7/1/2010,Poland::2.596265132,Europe
7/1/2010,Saudi Arabia::2.666346705,Asia
7/1/2010,Singapore::3.078154563,Asia
7/1/2010,Sweden::6.564002414,Europe
7/1/2010,Thailand::2.166847237,Asia
7/1/2010,Turkey::3.890668933,Europe
7/1/2010,Taiwan::2.336048341,Asia
7/1/2010,Uruguay::3.744075829,Americas
7/1/2010,United States::3.733333333,Americas
7/1/2010,South Africa::2.448085982,Africa
7/1/2011,Argentina::4.83968542,Americas
7/1/2011,Australia::4.943724001,Oceania
7/1/2011,Brazil::6.162428646,Americas
7/1/2011,Canada::5.000792938,Americas
7/1/2011,Switzerland::8.063015568,Europe
7/1/2011,Chile::3.997839006,Americas
7/1/2011,China::2.273079907,Asia
7/1/2011,Colombia::4.74442248,Americas
7/1/2011,Costa Rica::4.065000347,Americas
7/1/2011,Czech Republic::4.072400848,Europe
7/1/2011,Denmark::5.482403409,Europe
7/1/2011,Egypt::2.363300906,Africa
7/1/2011,Hungary::4.040996978,Europe
7/1/2011,Indonesia::2.643904728,Asia
7/1/2011,India::1.891891892,Asia
7/1/2011,Israel::4.671867425,Asia
7/1/2011,Japan::4.083455624,Asia
7/1/2011,Sri Lanka::2.557661567,Asia
7/1/2011,Mexico::2.741897479,Americas
7/1/2011,Malaysia::2.421796165,Asia
7/1/2011,Norway::8.311707502,Europe
7/1/2011,New Zealand::4.411500001,Oceania
7/1/2011,Pakistan::2.375702125,Asia
7/1/2011,Peru::3.652968037,Americas
7/1/2011,Philippines::2.78236265,Asia
7/1/2011,Poland::3.085669336,Europe
7/1/2011,Saudi Arabia::2.666524452,Asia
7/1/2011,Singapore::3.653535479,Asia
7/1/2011,Sweden::7.639853517,Europe
7/1/2011,Thailand::2.352941176,Asia
7/1/2011,Turkey::3.772818295,Europe
7/1/2011,Taiwan::2.601095928,Asia
7/1/2011,Uruguay::4.87804878,Americas
7/1/2011,United States::4.065,Americas
7/1/2011,South Africa::2.873457087,Africa
1/1/2012,Argentina::4.636606004,Americas
1/1/2012,Australia::4.93656,Oceania
1/1/2012,Brazil::5.67867036,Americas
1/1/2012,Canada::4.632939909,Americas
1/1/2012,Switzerland::6.805570097,Europe
1/1/2012,Chile::4.050983104,Americas
1/1/2012,China::2.438445095,Asia
1/1/2012,Colombia::4.535269822,Americas
1/1/2012,Costa Rica::4.023236645,Americas
1/1/2012,Czech Republic::3.448013415,Europe
1/1/2012,Denmark::5.37418854,Europe
1/1/2012,Egypt::2.567500414,Africa
1/1/2012,Hungary::2.625214062,Europe
1/1/2012,Indonesia::2.460043668,Asia
1/1/2012,India::1.6183412,Asia
1/1/2012,Israel::4.131479797,Asia
1/1/2012,Japan::4.160166407,Asia
1/1/2012,Sri Lanka::2.545422628,Asia
1/1/2012,Mexico::2.703808716,Americas
1/1/2012,Malaysia::2.341099839,Asia
1/1/2012,Norway::6.788191857,Europe
1/1/2012,New Zealand::4.047615,Oceania
1/1/2012,Pakistan::2.887284842,Asia
1/1/2012,Peru::3.714020427,Americas
1/1/2012,Philippines::2.681513464,Asia
1/1/2012,Poland::2.584896817,Europe
1/1/2012,Saudi Arabia::2.666524452,Asia
1/1/2012,Singapore::3.75154703,Asia
1/1/2012,Sweden::5.913063544,Europe
1/1/2012,Thailand::2.456692913,Asia
1/1/2012,Turkey::3.54276819,Europe
1/1/2012,Taiwan::2.501709501,Asia
1/1/2012,Uruguay::4.627249357,Americas
1/1/2012,United States::4.19722,Americas
1/1/2012,South Africa::2.453753813,Africa
7/1/2012,Argentina::4.160963592,Americas
7/1/2012,Australia::4.680155999,Oceania
7/1/2012,Brazil::4.935974341,Americas
7/1/2012,Canada::5.022315955,Americas
7/1/2012,Switzerland::6.56167979,Europe
7/1/2012,Chile::4.157793327,Americas
7/1/2012,China::2.44971433,Asia
7/1/2012,Colombia::4.765929148,Americas
7/1/2012,Czech Republic::3.34141011,Europe
7/1/2012,Denmark::4.645022492,Europe
7/1/2012,Egypt::2.637435094,Africa
7/1/2012,Hungary::3.484245961,Europe
7/1/2012,Indonesia::2.552069602,Asia
7/1/2012,India::1.584616754,Asia
7/1/2012,Israel::2.919349893,Asia
7/1/2012,Japan::4.091025313,Asia
7/1/2012,Sri Lanka::2.213740458,Asia
7/1/2012,Mexico::2.703295098,Americas
7/1/2012,Malaysia::2.331810304,Asia
7/1/2012,Norway::7.058379363,Europe
7/1/2012,New Zealand::4.004520001,Oceania
7/1/2012,Pakistan::3.012525765,Asia
7/1/2012,Philippines::2.796208531,Asia
7/1/2012,Poland::2.629791784,Europe
7/1/2012,Saudi Arabia::2.666488901,Asia
7/1/2012,Singapore::3.496225665,Asia
7/1/2012,Sweden::5.728681352,Europe
7/1/2012,Thailand::2.586750789,Asia
7/1/2012,Turkey::4.515846516,Europe
7/1/2012,Taiwan::2.483813813,Asia
7/1/2012,Uruguay::4.526748971,Americas
7/1/2012,United States::4.3275,Americas
7/1/2012,South Africa::2.355844739,Africa
1/1/2013,Argentina::3.817944338,Americas
1/1/2013,Australia::4.900454998,Oceania
1/1/2013,Brazil::5.64376552,Americas
1/1/2013,Canada::5.394356367,Americas
1/1/2013,Switzerland::7.124849282,Europe
1/1/2013,Chile::4.345521993,Americas
1/1/2013,China::2.572181853,Asia
1/1/2013,Colombia::4.850057101,Americas
1/1/2013,Costa Rica::4.392708105,Americas
1/1/2013,Czech Republic::3.722158566,Europe
1/1/2013,Denmark::5.183750307,Europe
1/1/2013,Egypt::2.393149609,Africa
1/1/2013,Hungary::3.816629792,Europe
1/1/2013,Indonesia::2.860404402,Asia
1/1/2013,India::1.666822736,Asia
1/1/2013,Israel::4.00048328,Asia
1/1/2013,Japan::3.513973535,Asia
1/1/2013,Sri Lanka::2.767892448,Asia
1/1/2013,Mexico::2.904603404,Americas
1/1/2013,Malaysia::2.578657152,Asia
1/1/2013,Norway::7.842279003,Europe
1/1/2013,New Zealand::4.324580001,Oceania
1/1/2013,Pakistan::2.969333948,Asia
1/1/2013,Peru::3.907013088,Americas
1/1/2013,Philippines::2.906403941,Asia
1/1/2013,Poland::2.943078913,Europe
1/1/2013,Saudi Arabia::2.933176897,Asia
1/1/2013,Singapore::3.644167308,Asia
1/1/2013,Sweden::6.388096355,Europe
1/1/2013,Thailand::2.92387834,Asia
1/1/2013,Turkey::4.777385159,Europe
1/1/2013,Taiwan::2.542200529,Asia
1/1/2013,Uruguay::5.446058091,Americas
1/1/2013,United States::4.367395833,Americas
1/1/2013,South Africa::2.310158063,Africa
7/1/2013,Argentina::3.879907621,Americas
7/1/2013,Australia::4.619864251,Oceania
7/1/2013,Brazil::5.284830335,Americas
7/1/2013,Canada::5.260404281,Americas
7/1/2013,Switzerland::6.719040728,Europe
7/1/2013,Chile::3.935806988,Americas
7/1/2013,China::2.608369606,Asia
7/1/2013,Colombia::4.476834982,Americas
7/1/2013,Costa Rica::4.311425277,Americas
7/1/2013,Czech Republic::3.490595953,Europe
7/1/2013,Denmark::4.913284833,Europe
7/1/2013,Egypt::2.38973342,Africa
7/1/2013,Hungary::3.76430216,Europe
7/1/2013,Indonesia::2.803712995,Asia
7/1/2013,India::1.500500167,Asia
7/1/2013,Israel::4.799846405,Asia
7/1/2013,Japan::3.196643524,Asia
7/1/2013,Sri Lanka::2.828746177,Asia
7/1/2013,Mexico::2.859096757,Americas
7/1/2013,Malaysia::2.295236598,Asia
7/1/2013,Norway::7.506404922,Europe
7/1/2013,New Zealand::4.299075001,Oceania
7/1/2013,Pakistan::2.998950367,Asia
7/1/2013,Peru::3.5932447,Americas
7/1/2013,Philippines::2.652163904,Asia
7/1/2013,Poland::2.733620562,Europe
7/1/2013,Saudi Arabia::2.666524452,Asia
7/1/2013,Singapore::3.687142073,Asia
7/1/2013,Sweden::6.15687377,Europe
7/1/2013,Thailand::2.845723421,Asia
7/1/2013,Turkey::4.342384224,Europe
7/1/2013,Taiwan::2.630834041,Asia
7/1/2013,Uruguay::4.979843491,Americas
7/1/2013,United States::4.556666667,Americas
7/1/2013,South Africa::2.239418746,Africa
1/1/2014,Argentina::3.034134008,Americas
1/1/2014,Australia::4.473542499,Oceania
1/1/2014,Brazil::5.247455619,Americas
1/1/2014,Canada::5.013120985,Americas
1/1/2014,Switzerland::7.1424647,Europe
1/1/2014,Chile::3.690377341,Americas
1/1/2014,China::2.743212202,Asia
1/1/2014,Colombia::4.337311724,Americas
1/1/2014,Costa Rica::4.283551164,Americas
1/1/2014,Czech Republic::3.473215078,Europe
1/1/2014,Denmark::5.180499509,Europe
1/1/2014,Egypt::2.432121822,Africa
1/1/2014,Hungary::3.854824616,Europe
1/1/2014,Indonesia::2.301400329,Asia
1/1/2014,India::1.53609831,Asia
1/1/2014,Israel::5.016914168,Asia
1/1/2014,Japan::2.97376373,Asia
1/1/2014,Sri Lanka::2.675840979,Asia
1/1/2014,Mexico::2.775121412,Americas
1/1/2014,Malaysia::2.226568377,Asia
1/1/2014,Norway::7.795434798,Europe
1/1/2014,New Zealand::4.571874999,Oceania
1/1/2014,Pakistan::3.035621117,Asia
1/1/2014,Peru::3.563156957,Americas
1/1/2014,Philippines::2.984744639,Asia
1/1/2014,Poland::2.998305306,Europe
1/1/2014,Saudi Arabia::2.933020478,Asia
1/1/2014,Singapore::3.596981663,Asia
1/1/2014,Sweden::6.287510717,Europe
1/1/2014,Thailand::2.920152091,Asia
1/1/2014,Turkey::3.758484225,Europe
1/1/2014,Taiwan::2.619276549,Asia
1/1/2014,Uruguay::4.911131899,Americas
1/1/2014,United States::4.624166667,Americas
1/1/2014,South Africa::2.1603931,Africa
7/1/2014,Argentina::2.570772762,Americas
7/1/2014,Australia::4.814145,Oceania
7/1/2014,Brazil::5.855196487,Americas
7/1/2014,Canada::5.251152181,Americas
7/1/2014,Switzerland::6.826241135,Europe
7/1/2014,Chile::3.722480235,Americas
7/1/2014,China::2.726554055,Asia
7/1/2014,Colombia::4.654561199,Americas
7/1/2014,Costa Rica::4.001488926,Americas
7/1/2014,Czech Republic::3.455514845,Europe
7/1/2014,Denmark::5.145518885,Europe
7/1/2014,Egypt::2.36781561,Africa
7/1/2014,Hungary::3.766871808,Europe
7/1/2014,Indonesia::2.428422425,Asia
7/1/2014,India::1.747415282,Asia
7/1/2014,Israel::5.12625227,Asia
7/1/2014,Japan::3.644243081,Asia
7/1/2014,Sri Lanka::2.687036966,Asia
7/1/2014,Mexico::3.247619379,Americas
7/1/2014,Malaysia::2.408839779,Asia
7/1/2014,Norway::7.757826516,Europe
7/1/2014,New Zealand::4.944750001,Oceania
7/1/2014,Pakistan::3.040129712,Asia
7/1/2014,Peru::3.586800574,Americas
7/1/2014,Philippines::3.703275084,Asia
7/1/2014,Poland::2.995376701,Europe
7/1/2014,Saudi Arabia::2.933059581,Asia
7/1/2014,Singapore::3.79644588,Asia
7/1/2014,Sweden::5.953774137,Europe
7/1/2014,Thailand::3.115166772,Asia
7/1/2014,Turkey::4.423191871,Europe
7/1/2014,Taiwan::2.634914282,Asia
7/1/2014,Uruguay::4.919460165,Americas
7/1/2014,United States::4.795,Americas
7/1/2014,Vietnam::2.826189355,Asia
7/1/2014,South Africa::2.330115555,Africa
1/1/2015,Argentina::3.25203252,Americas
1/1/2015,Australia::4.318704999,Oceania
1/1/2015,Brazil::5.206826728,Americas
1/1/2015,Canada::4.639615807,Americas
1/1/2015,Switzerland::7.543666222,Europe
1/1/2015,Chile::3.346693546,Americas
1/1/2015,China::2.769057394,Asia
1/1/2015,Colombia::3.340408798,Americas
1/1/2015,Costa Rica::4.010520622,Americas
1/1/2015,Czech Republic::2.919208975,Europe
1/1/2015,Denmark::5.376008976,Europe
1/1/2015,Egypt::2.303385691,Africa
1/1/2015,Hungary::3.168831083,Europe
1/1/2015,Indonesia::2.238701923,Asia
1/1/2015,India::1.886715897,Asia
1/1/2015,Israel::4.448228969,Asia
1/1/2015,Japan::3.141850295,Asia
1/1/2015,Sri Lanka::2.654028436,Asia
1/1/2015,Mexico::3.349854726,Americas
1/1/2015,Malaysia::2.11035818,Asia
1/1/2015,Norway::6.297146605,Europe
1/1/2015,New Zealand::4.492555001,Oceania
1/1/2015,Pakistan::2.978110885,Asia
1/1/2015,Peru::3.324468085,Americas
1/1/2015,Philippines::3.670344517,Asia
1/1/2015,Poland::2.48205903,Europe
1/1/2015,Saudi Arabia::2.927945913,Asia
1/1/2015,Singapore::3.525484754,Asia
1/1/2015,Sweden::4.968595304,Europe
1/1/2015,Thailand::3.036344119,Asia
1/1/2015,Turkey::3.96408751,Europe
1/1/2015,Taiwan::2.508493951,Asia
1/1/2015,Uruguay::4.626407369,Americas
1/1/2015,United States::4.79,Americas
1/1/2015,Vietnam::2.806361085,Asia
1/1/2015,South Africa::2.221496243,Africa
7/1/2015,Argentina::3.0651341,Americas
7/1/2015,Australia::3.922265,Oceania
7/1/2015,Brazil::4.28251939,Americas
7/1/2015,Canada::4.53593859,Americas
7/1/2015,Switzerland::6.821998321,Europe
7/1/2015,Chile::3.268736867,Americas
7/1/2015,China::2.737872834,Asia
7/1/2015,Colombia::2.916312895,Americas
7/1/2015,Costa Rica::4.031501969,Americas
7/1/2015,Czech Republic::2.833749962,Europe
7/1/2015,Denmark::5.078512124,Europe
7/1/2015,Egypt::2.162182872,Africa
7/1/2015,Hungary::3.18158583,Europe
7/1/2015,Indonesia::2.285585822,Asia
7/1/2015,India::1.832728993,Asia
7/1/2015,Israel::4.631651382,Asia
7/1/2015,Japan::2.985435914,Asia
7/1/2015,Sri Lanka::2.614867389,Asia
7/1/2015,Mexico::3.113137121,Americas
7/1/2015,Malaysia::2.009720215,Asia
7/1/2015,Norway::5.649335896,Europe
7/1/2015,New Zealand::3.909635,Oceania
7/1/2015,Pakistan::3.441494592,Asia
7/1/2015,Peru::3.141196796,Americas
7/1/2015,Philippines::3.605197678,Asia
7/1/2015,Poland::2.543989824,Europe
7/1/2015,Saudi Arabia::3.199530735,Asia
7/1/2015,Singapore::3.43969555,Asia
7/1/2015,Sweden::5.127513156,Europe
7/1/2015,Thailand::3.168316832,Asia
7/1/2015,Turkey::3.874210984,Europe
7/1/2015,Taiwan::2.546744036,Asia
7/1/2015,Uruguay::4.13238252,Americas
7/1/2015,United States::4.79,Americas
7/1/2015,Vietnam::2.751031637,Asia
7/1/2015,South Africa::2.094316749,Africa
1/1/2016,Argentina::2.389702554,Americas
1/1/2016,Australia::3.743655001,Oceania
1/1/2016,Brazil::3.354203936,Americas
1/1/2016,Canada::4.144195288,Americas
1/1/2016,Switzerland::6.443298969,Europe
1/1/2016,Chile::2.93618003,Americas
1/1/2016,China::2.6836632,Asia
1/1/2016,Colombia::2.427855804,Americas
1/1/2016,Costa Rica::4.016814573,Americas
1/1/2016,Czech Republic::2.982795237,Europe
1/1/2016,Denmark::4.322455155,Europe
1/1/2016,Egypt::2.162182872,Africa
1/1/2016,Hungary::3.075040731,Europe
1/1/2016,Indonesia::2.186771823,Asia
1/1/2016,India::1.901126455,Asia
1/1/2016,Israel::4.288197308,Asia
1/1/2016,Japan::3.118546926,Asia
1/1/2016,Sri Lanka::2.429711906,Asia
1/1/2016,Mexico::2.810156709,Americas
1/1/2016,Malaysia::1.821286283,Asia
1/1/2016,Norway::5.214688038,Europe
1/1/2016,New Zealand::3.912289999,Oceania
1/1/2016,Pakistan::2.86027554,Asia
1/1/2016,Peru::2.925687537,Americas
1/1/2016,Philippines::2.785900367,Asia
1/1/2016,Poland::2.371717272,Europe
1/1/2016,Saudi Arabia::3.196334869,Asia
1/1/2016,Singapore::3.270133936,Asia
1/1/2016,Sweden::5.231432773,Europe
1/1/2016,Thailand::3.092214246,Asia
1/1/2016,Turkey::3.405768208,Europe
1/1/2016,Taiwan::2.076343229,Asia
1/1/2016,Uruguay::3.743581249,Americas
1/1/2016,United States::4.93,Americas
1/1/2016,Vietnam::2.67052409,Asia
1/1/2016,South Africa::1.770611019,Africa
7/1/2016,Argentina::3.347840643,Americas
7/1/2016,Australia::4.3047375,Oceania
7/1/2016,Brazil::4.781810609,Americas
7/1/2016,Canada::4.60475825,Americas
7/1/2016,Switzerland::6.591623568,Europe
7/1/2016,Chile::3.532374985,Americas
7/1/2016,China::2.785265049,Asia
7/1/2016,Colombia::3.03857972,Americas
7/1/2016,Costa Rica::4.117937737,Americas
7/1/2016,Czech Republic::3.055419193,Europe
7/1/2016,Denmark::4.439741607,Europe
7/1/2016,Egypt::2.590104674,Africa
7/1/2016,Hungary::3.150822522,Europe
7/1/2016,Indonesia::2.364156339,Asia
7/1/2016,India::2.410714286,Asia
7/1/2016,Israel::4.379656625,Asia
7/1/2016,Japan::3.466854064,Asia
7/1/2016,Sri Lanka::3.625170999,Asia
7/1/2016,Mexico::2.37388724,Americas
7/1/2016,Malaysia::1.986590514,Asia
7/1/2016,Norway::5.510063519,Europe
7/1/2016,New Zealand::4.221300001,Oceania
7/1/2016,Pakistan::3.577561534,Asia
7/1/2016,Peru::3.024940636,Americas
7/1/2016,Philippines::2.822880187,Asia
7/1/2016,Poland::2.420788521,Europe
7/1/2016,Saudi Arabia::3.19957339,Asia
7/1/2016,Singapore::4.014141563,Asia
7/1/2016,Sweden::5.228712543,Europe
7/1/2016,Thailand::3.403403403,Asia
7/1/2016,Turkey::3.53263995,Europe
7/1/2016,Taiwan::2.154297668,Asia
7/1/2016,Uruguay::4.077573347,Americas
7/1/2016,United States::5.04,Americas
7/1/2016,Vietnam::2.69058296,Asia
7/1/2016,South Africa::2.101760224,Africa
1/1/2017,Argentina::3.468390352,Americas
1/1/2017,Australia::4.275180001,Oceania
1/1/2017,Brazil::5.117945378,Americas
1/1/2017,Canada::4.509803922,Americas
1/1/2017,Switzerland::6.350136772,Europe
1/1/2017,Chile::3.641471154,Americas
1/1/2017,China::2.829671123,Asia
1/1/2017,Colombia::3.305923112,Americas
1/1/2017,Costa Rica::4.058954053,Americas
1/1/2017,Czech Republic::2.905653433,Europe
1/1/2017,Denmark::4.224608344,Europe
1/1/2017,Egypt::1.464571124,Africa
1/1/2017,Hungary::3.054811464,Europe
1/1/2017,Indonesia::2.325755871,Asia
1/1/2017,India::2.48801727,Asia
1/1/2017,Israel::4.383916991,Asia
1/1/2017,Japan::3.257189388,Asia
1/1/2017,Sri Lanka::3.665200586,Asia
1/1/2017,Mexico::2.232295392,Americas
1/1/2017,Malaysia::1.7891088,Asia
1/1/2017,Norway::5.665820648,Europe
1/1/2017,New Zealand::4.1853,Oceania
1/1/2017,Pakistan::3.579098067,Asia
1/1/2017,Peru::3.242064311,Americas
1/1/2017,Philippines::2.680640935,Asia
1/1/2017,Poland::2.300971921,Europe
1/1/2017,Saudi Arabia::3.199445429,Asia
1/1/2017,Singapore::3.892267593,Asia
1/1/2017,Sweden::5.260533396,Europe
1/1/2017,Thailand::3.345233745,Asia
1/1/2017,Turkey::2.748552216,Europe
1/1/2017,Taiwan::2.162670428,Asia
1/1/2017,Uruguay::4.351610096,Americas
1/1/2017,United States::5.06,Americas
1/1/2017,Vietnam::2.658160553,Asia
1/1/2017,South Africa::1.886400287,Africa
7/1/2017,Argentina::4.125534109,Americas
7/1/2017,Australia::4.527955001,Oceania
7/1/2017,Brazil::5.101567573,Americas
7/1/2017,Canada::4.655696795,Americas
7/1/2017,Switzerland::6.741689571,Europe
7/1/2017,Chile::3.844095545,Americas
7/1/2017,China::2.917127072,Asia
7/1/2017,Colombia::3.243604529,Americas
7/1/2017,Costa Rica::4.000034935,Americas
7/1/2017,Czech Republic::3.281399714,Europe
7/1/2017,Denmark::4.606490545,Europe
7/1/2017,Egypt::1.753983785,Africa
7/1/2017,Hungary::3.208947528,Europe
7/1/2017,Indonesia::2.402932047,Asia
7/1/2017,India::2.757231925,Asia
7/1/2017,Israel::4.773337099,Asia
7/1/2017,Japan::3.361047232,Asia
7/1/2017,Sri Lanka::3.772971215,Asia
7/1/2017,Mexico::2.754240265,Americas
7/1/2017,Malaysia::2.003027833,Asia
7/1/2017,Norway::5.914160189,Europe
7/1/2017,New Zealand::4.432259999,Oceania
7/1/2017,Pakistan::3.566333809,Asia
7/1/2017,Peru::3.229278794,Americas
7/1/2017,Philippines::2.649451821,Asia
7/1/2017,Poland::2.723399666,Europe
7/1/2017,Saudi Arabia::3.199872005,Asia
7/1/2017,Singapore::4.06474559,Asia
7/1/2017,Sweden::5.818920701,Europe
7/1/2017,Thailand::3.496246676,Asia
7/1/2017,Turkey::3.006110094,Europe
7/1/2017,Taiwan::2.26396522,Asia
7/1/2017,Uruguay::4.52882773,Americas
7/1/2017,United States::5.3,Americas
7/1/2017,Vietnam::2.63939294,Asia
7/1/2017,South Africa::2.260738508,Africa
1/1/2018,Argentina::3.96039604,Americas
1/1/2018,Australia::4.706135,Oceania
1/1/2018,Brazil::5.111682518,Americas
1/1/2018,Canada::5.25724376,Americas
1/1/2018,Switzerland::6.764843628,Europe
1/1/2018,Chile::4.290889287,Americas
1/1/2018,China::3.171641791,Asia
1/1/2018,Colombia::3.832468391,Americas
1/1/2018,Costa Rica::4.027931683,Americas
1/1/2018,Czech Republic::3.807779438,Europe
1/1/2018,Denmark::4.93202032,Europe
1/1/2018,Egypt::1.932768362,Africa
1/1/2018,Hungary::3.426638505,Europe
1/1/2018,Indonesia::2.67609851,Asia
1/1/2018,India::2.81861066,Asia
1/1/2018,Israel::4.801606356,Asia
1/1/2018,Japan::3.431925943,Asia
1/1/2018,Sri Lanka::3.771131339,Asia
1/1/2018,Mexico::2.57186487,Americas
1/1/2018,Malaysia::2.276176024,Asia
1/1/2018,Norway::6.241958701,Europe
1/1/2018,New Zealand::4.510190001,Oceania
1/1/2018,Pakistan::3.393511606,Asia
1/1/2018,Peru::3.268991283,Americas
1/1/2018,Philippines::2.641695416,Asia
1/1/2018,Poland::2.965572928,Europe
1/1/2018,Saudi Arabia::3.19974402,Asia
1/1/2018,Singapore::4.385467468,Asia
1/1/2018,Sweden::6.12311069,Europe
1/1/2018,Thailand::3.72456964,Asia
1/1/2018,Turkey::2.827013096,Europe
1/1/2018,Taiwan::2.334788346,Asia
1/1/2018,Uruguay::4.898530441,Americas
1/1/2018,United States::5.28,Americas
1/1/2018,Vietnam::2.861986218,Asia
1/1/2018,South Africa::2.447351354,Africa
7/1/2018,Argentina::2.705139766,Americas
7/1/2018,Australia::4.5154175,Oceania
7/1/2018,Bahrain::3.161638783,Asia
7/1/2018,Brazil::4.402933552,Americas
7/1/2018,Canada::5.06724578,Americas
7/1/2018,Switzerland::6.544173169,Europe
7/1/2018,Chile::4.050757215,Americas
7/1/2018,China::3.095741468,Asia
7/1/2018,Colombia::4.140469787,Americas
7/1/2018,Costa Rica::4.03311025,Americas
7/1/2018,Czech Republic::3.399086779,Europe
7/1/2018,Denmark::4.717648724,Europe
7/1/2018,Egypt::1.752024574,Africa
7/1/2018,Guatemala::3.339076545,Americas
7/1/2018,Honduras::3.542759017,Americas
7/1/2018,Croatia::3.326600927,Europe
7/1/2018,Hungary::3.074917285,Europe
7/1/2018,Indonesia::2.193593315,Asia
7/1/2018,India::2.513621504,Asia
7/1/2018,Israel::4.676882445,Asia
7/1/2018,Jordan::2.746285473,Asia
7/1/2018,Japan::3.505617978,Asia
7/1/2018,Kuwait::3.47107438,Asia
7/1/2018,Lebanon::4.301786896,Asia
7/1/2018,Sri Lanka::3.641614868,Asia
7/1/2018,Mexico::2.57197596,Americas
7/1/2018,Malaysia::2.100683654,Asia
7/1/2018,Nicaragua::3.260814507,Americas
7/1/2018,Norway::5.222906174,Europe
7/1/2018,New Zealand::4.23398,Oceania
7/1/2018,Pakistan::3.0866738,Asia
7/1/2018,Peru::3.20953691,Americas
7/1/2018,Philippines::2.617458448,Asia
7/1/2018,Poland::2.739391638,Europe
7/1/2018,Romania::2.315484805,Europe
7/1/2018,Saudi Arabia::3.199658703,Asia
7/1/2018,Singapore::4.277759339,Asia
7/1/2018,Sweden::5.826840025,Europe
7/1/2018,Thailand::3.587579138,Asia
7/1/2018,Turkey::2.284196547,Europe
7/1/2018,Taiwan::2.271791917,Asia
7/1/2018,Uruguay::4.471414883,Americas
7/1/2018,United States::5.51,Americas
7/1/2018,Vietnam::2.82124178,Asia
7/1/2018,South Africa::2.320029337,Africa
1/1/2019,Argentina::2.002402883,Americas
1/1/2019,Australia::4.352045,Oceania
1/1/2019,Bahrain::3.183023873,Asia
1/1/2019,Brazil::4.545515674,Americas
1/1/2019,Canada::5.084873066,Americas
1/1/2019,Switzerland::6.62150461,Europe
1/1/2019,Chile::3.888127955,Americas
1/1/2019,China::3.051228521,Asia
1/1/2019,Colombia::3.728654238,Americas
1/1/2019,Costa Rica::3.772807776,Americas
1/1/2019,Czech Republic::3.80966894,Europe
1/1/2019,Denmark::4.604440215,Europe
1/1/2019,Egypt::2.233389168,Africa
1/1/2019,Guatemala::3.234864071,Americas
1/1/2019,Honduras::3.492323052,Americas
1/1/2019,Croatia::3.241315974,Europe
1/1/2019,Hungary::3.032803336,Europe
1/1/2019,Indonesia::2.342086586,Asia
1/1/2019,India::2.554351726,Asia
1/1/2019,Israel::4.584867241,Asia
1/1/2019,Jordan::2.748027057,Asia
1/1/2019,Japan::3.596458871,Asia
1/1/2019,Kuwait::3.464203233,Asia
1/1/2019,Lebanon::4.313205043,Asia
1/1/2019,Sri Lanka::3.182529013,Asia
1/1/2019,Mexico::2.537709588,Americas
1/1/2019,Malaysia::2.197935641,Asia
1/1/2019,Nicaragua::3.182873053,Americas
1/1/2019,Norway::5.859672561,Europe
1/1/2019,New Zealand::4.1912,Oceania
1/1/2019,Pakistan::3.312211982,Asia
1/1/2019,Peru::3.135732418,Americas
1/1/2019,Philippines::2.672138188,Asia
1/1/2019,Poland::2.801157812,Europe
1/1/2019,Romania::2.286725925,Europe
1/1/2019,Saudi Arabia::3.199018968,Asia
1/1/2019,Singapore::4.277601593,Asia
1/1/2019,Sweden::5.838596491,Europe
1/1/2019,Thailand::3.717878622,Asia
1/1/2019,Turkey::1.996879296,Europe
1/1/2019,Taiwan::2.240041554,Asia
1/1/2019,Uruguay::4.306367272,Americas
1/1/2019,United States::5.58,Americas
1/1/2019,Vietnam::2.801844907,Asia
1/1/2019,South Africa::2.235442582,Africa
7/9/2019,Argentina::2.870504372,Americas
7/9/2019,Australia::4.260105,Oceania
7/9/2019,Bahrain::3.713527851,Asia
7/9/2019,Brazil::4.596433168,Americas
7/9/2019,Canada::5.155934656,Americas
7/9/2019,Switzerland::6.542197172,Europe
7/9/2019,Chile::3.827473722,Americas
7/9/2019,China::3.050286146,Asia
7/9/2019,Colombia::3.687635575,Americas
7/9/2019,Costa Rica::3.935147396,Americas
7/9/2019,Czech Republic::3.728184637,Europe
7/9/2019,Denmark::4.504978001,Europe
7/9/2019,Egypt::2.527836293,Africa
7/9/2019,Guatemala::3.255123564,Americas
7/9/2019,Honduras::3.512584037,Americas
7/9/2019,Croatia::3.334293206,Europe
7/9/2019,Hungary::3.097667388,Europe
7/9/2019,Indonesia::2.264685067,Asia
7/9/2019,India::2.669412904,Asia
7/9/2019,Israel::4.766310595,Asia
7/9/2019,Jordan::3.244005642,Asia
7/9/2019,Japan::3.585712316,Asia
7/9/2019,Kuwait::3.612479475,Asia
7/9/2019,Lebanon::4.313205043,Asia
7/9/2019,Sri Lanka::3.643090935,Asia
7/9/2019,Mexico::2.646167688,Americas
7/9/2019,Malaysia::2.136391068,Asia
7/9/2019,Nicaragua::3.317039633,Americas
7/9/2019,Norway::4.853948167,Europe
7/9/2019,New Zealand::4.2288,Oceania
7/9/2019,Pakistan::3.048586853,Asia
7/9/2019,Peru::3.194596568,Americas
7/9/2019,Philippines::2.767087251,Asia
7/9/2019,Poland::2.836320662,Europe
7/9/2019,Romania::2.204209329,Europe
7/9/2019,Saudi Arabia::3.466343141,Asia
7/9/2019,Singapore::4.260633218,Asia
7/9/2019,Sweden::5.382557348,Europe
7/9/2019,Thailand::3.860189766,Asia
7/9/2019,Turkey::2.444949318,Europe
7/9/2019,Taiwan::2.309765174,Asia
7/9/2019,Uruguay::4.663131406,Americas
7/9/2019,United States::5.74,Americas
7/9/2019,Vietnam::2.79798545,Asia
7/9/2019,South Africa::2.186948854,Africa
1/14/2020,Argentina::2.846887403,Americas
1/14/2020,Australia::4.451145,Oceania
1/14/2020,Bahrain::3.713527851,Asia
1/14/2020,Brazil::4.804558295,Americas
1/14/2020,Canada::5.181585091,Americas
1/14/2020,Switzerland::6.713142267,Europe
1/14/2020,Chile::3.416414318,Americas
1/14/2020,China::3.122730574,Asia
1/14/2020,Colombia::3.619634234,Americas
1/14/2020,Costa Rica::4.123060188,Americas
1/14/2020,Czech Republic::3.755918333,Europe
1/14/2020,Denmark::4.464717569,Europe
1/14/2020,Egypt::2.644836272,Africa
1/14/2020,Guatemala::3.244098984,Americas
1/14/2020,Honduras::3.52872463,Americas
1/14/2020,Croatia::3.28529829,Europe
1/14/2020,Hungary::3.012550284,Europe
1/14/2020,Indonesia::2.414045355,Asia
1/14/2020,India::2.652439433,Asia
1/14/2020,Israel::4.914004914,Asia
1/14/2020,Jordan::3.244005642,Asia
1/14/2020,Japan::3.544165758,Asia
1/14/2020,Kuwait::3.625576796,Asia
1/14/2020,Lebanon::4.29326288,Asia
1/14/2020,Sri Lanka::3.196472858,Asia
1/14/2020,Mexico::2.656677559,Americas
1/14/2020,Malaysia::2.331574426,Asia
1/14/2020,Nicaragua::3.542299484,Americas
1/14/2020,Norway::5.971730055,Europe
1/14/2020,New Zealand::4.29455,Oceania
1/14/2020,Pakistan::3.357546408,Asia
1/14/2020,Peru::3.57615098,Americas
1/14/2020,Philippines::2.807433768,Asia
1/14/2020,Poland::2.897329189,Europe
1/14/2020,Romania::2.210227537,Europe
1/14/2020,Saudi Arabia::3.465003465,Asia
1/14/2020,Singapore::4.379616227,Asia
1/14/2020,Sweden::5.444492605,Europe
1/14/2020,Thailand::3.798199983,Asia
1/14/2020,Turkey::2.20908975,Europe
1/14/2020,Taiwan::2.409275711,Asia
1/14/2020,Uruguay::4.781621477,Americas
1/14/2020,United States::5.67,Americas
1/14/2020,Vietnam::2.847773559,Asia
1/14/2020,South Africa::2.154124105,Africa
7/1/2020,Argentina::3.50923244,Americas
7/1/2020,Australia::4.57845,Oceania
7/1/2020,Bahrain::3.713035406,Asia
7/1/2020,Brazil::3.913527886,Americas
7/1/2020,Canada::5.07674144,Americas
7/1/2020,Switzerland::6.905710491,Europe
7/1/2020,Chile::3.478481655,Americas
7/1/2020,China::3.098450775,Asia
7/1/2020,Colombia::3.290010257,Americas
7/1/2020,Costa Rica::4.039015168,Americas
7/1/2020,Czech Republic::3.801242024,Europe
7/1/2020,Denmark::4.580607236,Europe
7/1/2020,Egypt::2.63322884,Africa
7/1/2020,Guatemala::3.249707526,Americas
7/1/2020,Honduras::3.523593904,Americas
7/1/2020,Croatia::3.319652342,Europe
7/1/2020,Hungary::2.890378076,Europe
7/1/2020,Indonesia::2.355386214,Asia
7/1/2020,India::2.526679743,Asia
7/1/2020,Israel::4.946605756,Asia
7/1/2020,Jordan::3.244005642,Asia
7/1/2020,Japan::3.635516197,Asia
7/1/2020,Kuwait::3.736192333,Asia
7/1/2020,Lebanon::5.952380952,Asia
7/1/2020,Sri Lanka::3.658864676,Asia
7/1/2020,Mexico::2.228561241,Americas
7/1/2020,Malaysia::2.342046653,Asia
7/1/2020,Nicaragua::3.49088878,Americas
7/1/2020,Norway::5.549004647,Europe
7/1/2020,New Zealand::4.34841,Oceania
7/1/2020,Pakistan::3.303303303,Asia
7/1/2020,Peru::3.402624882,Americas
7/1/2020,Philippines::2.872981831,Asia
7/1/2020,Poland::2.789435646,Europe
7/1/2020,Romania::2.323916386,Europe
7/1/2020,Saudi Arabia::3.732288293,Asia
7/1/2020,Singapore::4.251945806,Asia
7/1/2020,Sweden::5.755931016,Europe
7/1/2020,Thailand::4.078381392,Asia
7/1/2020,Turkey::2.039507253,Europe
7/1/2020,Taiwan::2.444282247,Asia
7/1/2020,Uruguay::4.327418432,Americas
7/1/2020,United States::5.71,Americas
7/1/2020,Vietnam::2.84728214,Asia
7/1/2020,South Africa::1.859349228,Africa
