country,year,Score
Finland,2018,7.632
Norway,2018,7.594
Denmark,2018,7.555
Iceland,2018,7.495
Switzerland,2018,7.487
Netherlands,2018,7.441
Canada,2018,7.328
New Zealand,2018,7.324
Sweden,2018,7.314
Australia,2018,7.272
United Kingdom,2018,7.19
Austria,2018,7.139
Costa Rica,2018,7.072
Ireland,2018,6.977
Germany,2018,6.965
Belgium,2018,6.927
Luxembourg,2018,6.91
United States,2018,6.886
Israel,2018,6.814
United Arab Emirates,2018,6.774
Czech Republic,2018,6.711
Malta,2018,6.627
France,2018,6.489
Mexico,2018,6.488
Chile,2018,6.476
Taiwan,2018,6.441
Panama,2018,6.43
Brazil,2018,6.419
Argentina,2018,6.388
Guatemala,2018,6.382
Uruguay,2018,6.379
Qatar,2018,6.374
Saudi Arabia,2018,6.371
Singapore,2018,6.343
Malaysia,2018,6.322
Spain,2018,6.31
Colombia,2018,6.26
Trinidad & Tobago,2018,6.192
Slovakia,2018,6.173
El Salvador,2018,6.167
Nicaragua,2018,6.141
Poland,2018,6.123
Bahrain,2018,6.105
Uzbekistan,2018,6.096
Kuwait,2018,6.083
Thailand,2018,6.072
Italy,2018,6
Ecuador,2018,5.973
Belize,2018,5.956
Lithuania,2018,5.952
Slovenia,2018,5.948
Romania,2018,5.945
Latvia,2018,5.933
Japan,2018,5.915
Mauritius,2018,5.891
Jamaica,2018,5.89
South Korea,2018,5.875
Northern Cyprus,2018,5.835
Russia,2018,5.81
Kazakhstan,2018,5.79
Cyprus,2018,5.762
Bolivia,2018,5.752
Estonia,2018,5.739
Paraguay,2018,5.681
Peru,2018,5.663
Kosovo,2018,5.662
Moldova,2018,5.64
Turkmenistan,2018,5.636
Hungary,2018,5.62
Libya,2018,5.566
Philippines,2018,5.524
Honduras,2018,5.504
Belarus,2018,5.483
Turkey,2018,5.483
Pakistan,2018,5.472
Hong Kong,2018,5.43
Portugal,2018,5.41
Serbia,2018,5.398
Greece,2018,5.358
Lebanon,2018,5.358
Montenegro,2018,5.347
Croatia,2018,5.321
Dominican Republic,2018,5.302
Algeria,2018,5.295
Morocco,2018,5.254
China,2018,5.246
Azerbaijan,2018,5.201
Tajikistan,2018,5.199
Macedonia,2018,5.185
Jordan,2018,5.161
Nigeria,2018,5.155
Kyrgyzstan,2018,5.131
Bosnia and Herzegovina,2018,5.129
Mongolia,2018,5.125
Vietnam,2018,5.103
Indonesia,2018,5.093
Bhutan,2018,5.082
Somalia,2018,4.982
Cameroon,2018,4.975
Bulgaria,2018,4.933
Nepal,2018,4.88
Venezuela,2018,4.806
Gabon,2018,4.758
Palestinian Territories,2018,4.743
South Africa,2018,4.724
Iran,2018,4.707
Ivory Coast,2018,4.671
Ghana,2018,4.657
Senegal,2018,4.631
Laos,2018,4.623
Tunisia,2018,4.592
Albania,2018,4.586
Sierra Leone,2018,4.571
Congo (Brazzaville),2018,4.559
Bangladesh,2018,4.5
Sri Lanka,2018,4.471
Iraq,2018,4.456
Mali,2018,4.447
Namibia,2018,4.441
Cambodia,2018,4.433
Burkina Faso,2018,4.424
Egypt,2018,4.419
Mozambique,2018,4.417
Kenya,2018,4.41
Zambia,2018,4.377
Mauritania,2018,4.356
Ethiopia,2018,4.35
Georgia,2018,4.34
Armenia,2018,4.321
Myanmar,2018,4.308
Chad,2018,4.301
Congo (Kinshasa),2018,4.245
India,2018,4.19
Niger,2018,4.166
Uganda,2018,4.161
Benin,2018,4.141
Sudan,2018,4.139
Ukraine,2018,4.103
Togo,2018,3.999
Guinea,2018,3.964
Lesotho,2018,3.808
Angola,2018,3.795
Madagascar,2018,3.774
Zimbabwe,2018,3.692
Afghanistan,2018,3.632
Botswana,2018,3.59
Malawi,2018,3.587
Haiti,2018,3.582
Liberia,2018,3.495
Syria,2018,3.462
Rwanda,2018,3.408
Yemen,2018,3.355
Tanzania,2018,3.303
South Sudan,2018,3.254
Central African Republic,2018,3.083
Burundi,2018,2.905
Norway,2017,7.537000179
Denmark,2017,7.521999836
Iceland,2017,7.504000187
Switzerland,2017,7.493999958
Finland,2017,7.468999863
Netherlands,2017,7.376999855
Canada,2017,7.315999985
New Zealand,2017,7.31400013
Sweden,2017,7.28399992
Australia,2017,7.28399992
Israel,2017,7.212999821
Costa Rica,2017,7.078999996
Austria,2017,7.006000042
United States,2017,6.993000031
Ireland,2017,6.977000237
Germany,2017,6.951000214
Belgium,2017,6.890999794
Luxembourg,2017,6.862999916
United Kingdom,2017,6.714000225
Chile,2017,6.65199995
United Arab Emirates,2017,6.647999763
Brazil,2017,6.635000229
Czech Republic,2017,6.609000206
Argentina,2017,6.598999977
Mexico,2017,6.578000069
Singapore,2017,6.572000027
Malta,2017,6.52699995
Uruguay,2017,6.453999996
Guatemala,2017,6.453999996
Panama,2017,6.452000141
France,2017,6.441999912
Thailand,2017,6.423999786
Taiwan Province of China,2017,6.421999931
Spain,2017,6.402999878
Qatar,2017,6.375
Colombia,2017,6.356999874
Saudi Arabia,2017,6.343999863
Trinidad and Tobago,2017,6.168000221
Kuwait,2017,6.105000019
Slovakia,2017,6.09800005
Bahrain,2017,6.086999893
Malaysia,2017,6.084000111
Nicaragua,2017,6.071000099
Ecuador,2017,6.007999897
El Salvador,2017,6.002999783
Poland,2017,5.97300005
Uzbekistan,2017,5.971000195
Italy,2017,5.964000225
Russia,2017,5.962999821
Belize,2017,5.955999851
Japan,2017,5.920000076
Lithuania,2017,5.90199995
Algeria,2017,5.872000217
Latvia,2017,5.849999905
South Korea,2017,5.837999821
Moldova,2017,5.837999821
Romania,2017,5.824999809
Bolivia,2017,5.822999954
Turkmenistan,2017,5.822000027
Kazakhstan,2017,5.818999767
North Cyprus,2017,5.809999943
Slovenia,2017,5.757999897
Peru,2017,5.715000153
Mauritius,2017,5.629000187
Cyprus,2017,5.620999813
Estonia,2017,5.611000061
Belarus,2017,5.568999767
Libya,2017,5.525000095
Turkey,2017,5.5
Paraguay,2017,5.493000031
"Hong Kong S.A.R., China",2017,5.472000122
Philippines,2017,5.429999828
Serbia,2017,5.394999981
Jordan,2017,5.335999966
Hungary,2017,5.323999882
Jamaica,2017,5.31099987
Croatia,2017,5.293000221
Kosovo,2017,5.278999805
China,2017,5.272999763
Pakistan,2017,5.269000053
Indonesia,2017,5.262000084
Venezuela,2017,5.25
Montenegro,2017,5.236999989
Morocco,2017,5.235000134
Azerbaijan,2017,5.234000206
Dominican Republic,2017,5.230000019
Greece,2017,5.227000237
Lebanon,2017,5.224999905
Portugal,2017,5.195000172
Bosnia and Herzegovina,2017,5.18200016
Honduras,2017,5.181000233
Macedonia,2017,5.175000191
Somalia,2017,5.151000023
Vietnam,2017,5.073999882
Nigeria,2017,5.073999882
Tajikistan,2017,5.040999889
Bhutan,2017,5.011000156
Kyrgyzstan,2017,5.004000187
Nepal,2017,4.961999893
Mongolia,2017,4.954999924
South Africa,2017,4.828999996
Tunisia,2017,4.804999828
Palestinian Territories,2017,4.775000095
Egypt,2017,4.735000134
Bulgaria,2017,4.714000225
Sierra Leone,2017,4.709000111
Cameroon,2017,4.695000172
Iran,2017,4.691999912
Albania,2017,4.644000053
Bangladesh,2017,4.607999802
Namibia,2017,4.573999882
Kenya,2017,4.552999973
Mozambique,2017,4.550000191
Myanmar,2017,4.545000076
Senegal,2017,4.534999847
Zambia,2017,4.513999939
Iraq,2017,4.497000217
Gabon,2017,4.465000153
Ethiopia,2017,4.460000038
Sri Lanka,2017,4.440000057
Armenia,2017,4.375999928
India,2017,4.315000057
Mauritania,2017,4.291999817
Congo (Brazzaville),2017,4.290999889
Georgia,2017,4.285999775
Congo (Kinshasa),2017,4.28000021
Mali,2017,4.190000057
Ivory Coast,2017,4.179999828
Cambodia,2017,4.168000221
Sudan,2017,4.138999939
Ghana,2017,4.119999886
Ukraine,2017,4.096000195
Uganda,2017,4.080999851
Burkina Faso,2017,4.032000065
Niger,2017,4.027999878
Malawi,2017,3.970000029
Chad,2017,3.936000109
Zimbabwe,2017,3.875
Lesotho,2017,3.808000088
Angola,2017,3.795000076
Afghanistan,2017,3.79399991
Botswana,2017,3.766000032
Benin,2017,3.657000065
Madagascar,2017,3.644000053
Haiti,2017,3.602999926
Yemen,2017,3.592999935
South Sudan,2017,3.59100008
Liberia,2017,3.532999992
Guinea,2017,3.506999969
Togo,2017,3.494999886
Rwanda,2017,3.470999956
Syria,2017,3.461999893
Tanzania,2017,3.348999977
Burundi,2017,2.904999971
Central African Republic,2017,2.693000078
Denmark,2016,7.526
Switzerland,2016,7.509
Iceland,2016,7.501
Norway,2016,7.498
Finland,2016,7.413
Canada,2016,7.404
Netherlands,2016,7.339
New Zealand,2016,7.334
Australia,2016,7.313
Sweden,2016,7.291
Israel,2016,7.267
Austria,2016,7.119
United States,2016,7.104
Costa Rica,2016,7.087
Puerto Rico,2016,7.039
Germany,2016,6.994
Brazil,2016,6.952
Belgium,2016,6.929
Ireland,2016,6.907
Luxembourg,2016,6.871
Mexico,2016,6.778
Singapore,2016,6.739
United Kingdom,2016,6.725
Chile,2016,6.705
Panama,2016,6.701
Argentina,2016,6.65
Czech Republic,2016,6.596
United Arab Emirates,2016,6.573
Uruguay,2016,6.545
Malta,2016,6.488
Colombia,2016,6.481
France,2016,6.478
Thailand,2016,6.474
Saudi Arabia,2016,6.379
Taiwan,2016,6.379
Qatar,2016,6.375
Spain,2016,6.361
Algeria,2016,6.355
Guatemala,2016,6.324
Suriname,2016,6.269
Kuwait,2016,6.239
Bahrain,2016,6.218
Trinidad and Tobago,2016,6.168
Venezuela,2016,6.084
Slovakia,2016,6.078
El Salvador,2016,6.068
Malaysia,2016,6.005
Nicaragua,2016,5.992
Uzbekistan,2016,5.987
Italy,2016,5.977
Ecuador,2016,5.976
Belize,2016,5.956
Japan,2016,5.921
Kazakhstan,2016,5.919
Moldova,2016,5.897
Russia,2016,5.856
Poland,2016,5.835
South Korea,2016,5.835
Bolivia,2016,5.822
Lithuania,2016,5.813
Belarus,2016,5.802
North Cyprus,2016,5.771
Slovenia,2016,5.768
Peru,2016,5.743
Turkmenistan,2016,5.658
Mauritius,2016,5.648
Libya,2016,5.615
Latvia,2016,5.56
Cyprus,2016,5.546
Paraguay,2016,5.538
Romania,2016,5.528
Estonia,2016,5.517
Jamaica,2016,5.51
Croatia,2016,5.488
Hong Kong,2016,5.458
Somalia,2016,5.44
Kosovo,2016,5.401
Turkey,2016,5.389
Indonesia,2016,5.314
Jordan,2016,5.303
Azerbaijan,2016,5.291
Philippines,2016,5.279
China,2016,5.245
Bhutan,2016,5.196
Kyrgyzstan,2016,5.185
Serbia,2016,5.177
Bosnia and Herzegovina,2016,5.163
Montenegro,2016,5.161
Dominican Republic,2016,5.155
Morocco,2016,5.151
Hungary,2016,5.145
Pakistan,2016,5.132
Lebanon,2016,5.129
Portugal,2016,5.123
Macedonia,2016,5.121
Vietnam,2016,5.061
Somaliland Region,2016,5.057
Tunisia,2016,5.045
Greece,2016,5.033
Tajikistan,2016,4.996
Mongolia,2016,4.907
Laos,2016,4.876
Nigeria,2016,4.875
Honduras,2016,4.871
Iran,2016,4.813
Zambia,2016,4.795
Nepal,2016,4.793
Palestinian Territories,2016,4.754
Albania,2016,4.655
Bangladesh,2016,4.643
Sierra Leone,2016,4.635
Iraq,2016,4.575
Namibia,2016,4.574
Cameroon,2016,4.513
Ethiopia,2016,4.508
South Africa,2016,4.459
Sri Lanka,2016,4.415
India,2016,4.404
Myanmar,2016,4.395
Egypt,2016,4.362
Armenia,2016,4.36
Kenya,2016,4.356
Ukraine,2016,4.324
Ghana,2016,4.276
Congo (Kinshasa),2016,4.272
Georgia,2016,4.252
Congo (Brazzaville),2016,4.236
Senegal,2016,4.219
Bulgaria,2016,4.217
Mauritania,2016,4.201
Zimbabwe,2016,4.193
Malawi,2016,4.156
Sudan,2016,4.139
Gabon,2016,4.121
Mali,2016,4.073
Haiti,2016,4.028
Botswana,2016,3.974
Comoros,2016,3.956
Ivory Coast,2016,3.916
Cambodia,2016,3.907
Angola,2016,3.866
Niger,2016,3.856
South Sudan,2016,3.832
Chad,2016,3.763
Burkina Faso,2016,3.739
Uganda,2016,3.739
Yemen,2016,3.724
Madagascar,2016,3.695
Tanzania,2016,3.666
Liberia,2016,3.622
Guinea,2016,3.607
Rwanda,2016,3.515
Benin,2016,3.484
Afghanistan,2016,3.36
Togo,2016,3.303
Syria,2016,3.069
Burundi,2016,2.905
Switzerland,2015,7.587
Iceland,2015,7.561
Denmark,2015,7.527
Norway,2015,7.522
Canada,2015,7.427
Finland,2015,7.406
Netherlands,2015,7.378
Sweden,2015,7.364
New Zealand,2015,7.286
Australia,2015,7.284
Israel,2015,7.278
Costa Rica,2015,7.226
Austria,2015,7.2
Mexico,2015,7.187
United States,2015,7.119
Brazil,2015,6.983
Luxembourg,2015,6.946
Ireland,2015,6.94
Belgium,2015,6.937
United Arab Emirates,2015,6.901
United Kingdom,2015,6.867
Oman,2015,6.853
Venezuela,2015,6.81
Singapore,2015,6.798
Panama,2015,6.786
Germany,2015,6.75
Chile,2015,6.67
Qatar,2015,6.611
France,2015,6.575
Argentina,2015,6.574
Czech Republic,2015,6.505
Uruguay,2015,6.485
Colombia,2015,6.477
Thailand,2015,6.455
Saudi Arabia,2015,6.411
Spain,2015,6.329
Malta,2015,6.302
Taiwan,2015,6.298
Kuwait,2015,6.295
Suriname,2015,6.269
Trinidad and Tobago,2015,6.168
El Salvador,2015,6.13
Guatemala,2015,6.123
Uzbekistan,2015,6.003
Slovakia,2015,5.995
Japan,2015,5.987
South Korea,2015,5.984
Ecuador,2015,5.975
Bahrain,2015,5.96
Italy,2015,5.948
Bolivia,2015,5.89
Moldova,2015,5.889
Paraguay,2015,5.878
Kazakhstan,2015,5.855
Slovenia,2015,5.848
Lithuania,2015,5.833
Nicaragua,2015,5.828
Peru,2015,5.824
Belarus,2015,5.813
Poland,2015,5.791
Malaysia,2015,5.77
Croatia,2015,5.759
Libya,2015,5.754
Russia,2015,5.716
Jamaica,2015,5.709
North Cyprus,2015,5.695
Cyprus,2015,5.689
Algeria,2015,5.605
Kosovo,2015,5.589
Turkmenistan,2015,5.548
Mauritius,2015,5.477
Hong Kong,2015,5.474
Estonia,2015,5.429
Indonesia,2015,5.399
Vietnam,2015,5.36
Turkey,2015,5.332
Kyrgyzstan,2015,5.286
Nigeria,2015,5.268
Bhutan,2015,5.253
Azerbaijan,2015,5.212
Pakistan,2015,5.194
Jordan,2015,5.192
Montenegro,2015,5.192
China,2015,5.14
Zambia,2015,5.129
Romania,2015,5.124
Serbia,2015,5.123
Portugal,2015,5.102
Latvia,2015,5.098
Philippines,2015,5.073
Somaliland region,2015,5.057
Morocco,2015,5.013
Macedonia,2015,5.007
Mozambique,2015,4.971
Albania,2015,4.959
Bosnia and Herzegovina,2015,4.949
Lesotho,2015,4.898
Dominican Republic,2015,4.885
Laos,2015,4.876
Mongolia,2015,4.874
Swaziland,2015,4.867
Greece,2015,4.857
Lebanon,2015,4.839
Hungary,2015,4.8
Honduras,2015,4.788
Tajikistan,2015,4.786
Tunisia,2015,4.739
Palestinian Territories,2015,4.715
Bangladesh,2015,4.694
Iran,2015,4.686
Ukraine,2015,4.681
Iraq,2015,4.677
South Africa,2015,4.642
Ghana,2015,4.633
Zimbabwe,2015,4.61
Liberia,2015,4.571
India,2015,4.565
Sudan,2015,4.55
Haiti,2015,4.518
Congo (Kinshasa),2015,4.517
Nepal,2015,4.514
Ethiopia,2015,4.512
Sierra Leone,2015,4.507
Mauritania,2015,4.436
Kenya,2015,4.419
Djibouti,2015,4.369
Armenia,2015,4.35
Botswana,2015,4.332
Myanmar,2015,4.307
Georgia,2015,4.297
Malawi,2015,4.292
Sri Lanka,2015,4.271
Cameroon,2015,4.252
Bulgaria,2015,4.218
Egypt,2015,4.194
Yemen,2015,4.077
Angola,2015,4.033
Mali,2015,3.995
Congo (Brazzaville),2015,3.989
Comoros,2015,3.956
Uganda,2015,3.931
Senegal,2015,3.904
Gabon,2015,3.896
Niger,2015,3.845
Cambodia,2015,3.819
Tanzania,2015,3.781
Madagascar,2015,3.681
Central African Republic,2015,3.678
Chad,2015,3.667
Guinea,2015,3.656
Ivory Coast,2015,3.655
Burkina Faso,2015,3.587
Afghanistan,2015,3.575
Rwanda,2015,3.465
Benin,2015,3.34
Syria,2015,3.006
Burundi,2015,2.905
Togo,2015,2.839
