country,continent,year,STR
Afghanistan,Asia,2015,44.32877
Afghanistan,Asia,2017,44.00995
Africa (Northern),NA,2015,21.92353
Africa (Northern),NA,2016,22.41018
Africa (Northern),NA,2017,22.92617
Africa (Sub-Saharan),NA,2015,38.60293
Africa (Sub-Saharan),NA,2016,38.64983
Africa (Sub-Saharan),NA,2017,38.48384
Albania,Europe,2015,18.61557
Albania,Europe,2016,18.19844
Albania,Europe,2017,17.94478
Algeria,Africa,2015,23.83613
Algeria,Africa,2016,24.2355
Algeria,Africa,2017,24.22505
Andorra,NA,2015,9.93795
Andorra,NA,2016,10.06635
Andorra,NA,2017,10.5
Angola,NA,2015,50.02951
Antigua and Barbuda,NA,2015,14.33428
Antigua and Barbuda,NA,2017,12.05576
Arab States,NA,2015,19.45452
Arab States,NA,2016,19.9234
Arab States,NA,2017,20.22296
Asia (Central and Southern),NA,2015,31.81849
Asia (Central and Southern),NA,2016,34.45044
Asia (Central and Southern),NA,2017,34.08253
Asia (Central),NA,2015,19.10203
Asia (Central),NA,2016,20.44913
Asia (Central),NA,2017,21.45237
Asia (Eastern and South-eastern),NA,2015,17.1296
Asia (Eastern and South-eastern),NA,2016,16.8855
Asia (Eastern and South-eastern),NA,2017,17.3675
Asia (Eastern),NA,2015,16.3421
Asia (Eastern),NA,2016,16.54661
Asia (Eastern),NA,2017,16.59654
Asia (South-eastern),NA,2015,18.52257
Asia (South-eastern),NA,2016,17.45689
Asia (South-eastern),NA,2017,18.79257
Asia (Southern),NA,2015,32.3491
Asia (Southern),NA,2016,35.04592
Asia (Southern),NA,2017,34.61932
Asia (Western),NA,2015,16.55337
Asia (Western),NA,2016,16.85252
Asia (Western),NA,2017,16.91797
Austria,Europe,2015,10.58415
Austria,Europe,2016,10.30374
Austria,Europe,2017,10.01653
Azerbaijan,NA,2015,13.49787
Azerbaijan,NA,2016,15.48619
Azerbaijan,NA,2017,15.458
Bahamas,NA,2016,19.02855
Bahrain,Asia,2015,11.73164
Bahrain,Asia,2016,12.05837
Bahrain,Asia,2017,12.15924
Bangladesh,Asia,2017,30.05456
Barbados,NA,2015,13.40321
Barbados,NA,2016,13.349
Barbados,NA,2017,14.09682
Belarus,NA,2015,17.57007
Belarus,NA,2016,18.33759
Belarus,NA,2017,18.80255
Belgium,Europe,2015,11.23127
Belgium,Europe,2016,11.30569
Belize,NA,2015,20.43642
Belize,NA,2016,20.50666
Belize,NA,2017,19.58631
Benin,Africa,2015,45.04478
Benin,Africa,2016,41.63992
Benin,Africa,2017,43.56977
Bermuda,NA,2015,10.4196
Bhutan,NA,2015,40.00443
Bhutan,NA,2016,38.03778
Bhutan,NA,2017,34.56294
Bolivia (Plurinational State of),NA,2015,18.10837
Bolivia (Plurinational State of),NA,2016,18.35972
Bolivia (Plurinational State of),NA,2017,18.76043
Bosnia and Herzegovina,Europe,2015,17.16401
Bosnia and Herzegovina,Europe,2016,17.28654
Bosnia and Herzegovina,Europe,2017,17.19917
Brazil,Americas,2015,20.58529
Brazil,Americas,2016,20.31899
British Virgin Islands,NA,2015,11.74126
British Virgin Islands,NA,2016,10.53822
British Virgin Islands,NA,2017,11.61672
Brunei Darussalam,NA,2015,10.01661
Brunei Darussalam,NA,2016,10.19678
Brunei Darussalam,NA,2017,10.18252
Bulgaria,Europe,2016,17.61018
Burkina Faso,Africa,2015,42.17715
Burkina Faso,Africa,2016,41.54927
Burkina Faso,Africa,2017,40.68126
Burundi,Africa,2015,43.22109
Burundi,Africa,2016,49.66066
Burundi,Africa,2017,49.61434
Cabo Verde,NA,2015,21.94779
Cabo Verde,NA,2016,21.4778
Cabo Verde,NA,2017,21.08156
Cambodia,Asia,2015,45.52116
Cambodia,Asia,2016,42.53404
Cambodia,Asia,2017,41.66267
Cameroon,Africa,2015,41.46571
Cameroon,Africa,2016,42.73541
Cameroon,Africa,2017,44.61321
Cayman Islands,NA,2018,15.74725
Central African Republic,Africa,2016,83.41195
Central and Eastern Europe,NA,2015,16.22284
Central and Eastern Europe,NA,2016,16.37899
Central and Eastern Europe,NA,2017,16.40249
Central Asia,NA,2015,17.73065
Central Asia,NA,2016,18.9824
Central Asia,NA,2017,19.74777
Chad,Africa,2015,55.54179
Chad,Africa,2016,56.88788
Chile,Americas,2015,18.3778
Chile,Americas,2017,17.79358
China,Asia,2015,16.29441
China,Asia,2016,16.54936
China,Asia,2017,16.59383
"China, Hong Kong Special Administrative Region",NA,2015,13.66248
"China, Hong Kong Special Administrative Region",NA,2016,13.67502
"China, Hong Kong Special Administrative Region",NA,2017,13.76886
"China, Macao Special Administrative Region",NA,2015,14.08362
"China, Macao Special Administrative Region",NA,2016,13.85535
"China, Macao Special Administrative Region",NA,2017,13.50974
Colombia,Americas,2015,24.23937
Colombia,Americas,2016,24.31808
Colombia,Americas,2017,23.60132
Comoros,Africa,2017,18.90138
Cook Islands,NA,2015,17.20192
Cook Islands,NA,2016,17.36449
Costa Rica,Americas,2015,12.6763
Costa Rica,Americas,2016,11.97865
Côte d'Ivoire,NA,2015,42.0505
Côte d'Ivoire,NA,2016,42.50102
Côte d'Ivoire,NA,2017,42.42645
Croatia,Europe,2015,13.702
Croatia,Europe,2016,13.50611
Cuba,NA,2015,8.89917
Cuba,NA,2016,8.74431
Cuba,NA,2017,8.82731
Cyprus,NA,2015,11.91513
Democratic People's Republic of Korea,NA,2015,20.53463
Democratic People's Republic of Korea,NA,2018,20.30024
Democratic Republic of the Congo,NA,2015,33.19793
Djibouti,NA,2015,33.02204
Djibouti,NA,2016,31.09517
Djibouti,NA,2017,30.42105
Djibouti,NA,2018,29.37453
Dominica,NA,2015,14.00558
Dominica,NA,2016,13.07679
Dominican Republic,Americas,2015,18.29098
Dominican Republic,Americas,2016,18.52102
Dominican Republic,Americas,2017,18.91694
East Asia and the Pacific,NA,2015,17.19318
East Asia and the Pacific,NA,2016,16.95153
East Asia and the Pacific,NA,2017,17.42588
Ecuador,Americas,2015,25.10571
Ecuador,Americas,2016,25.09592
Egypt,Africa,2016,23.07766
Egypt,Africa,2017,23.77693
El Salvador,Americas,2015,29.69441
El Salvador,Americas,2016,28.26087
El Salvador,Americas,2017,28.27102
Equatorial Guinea,NA,2015,23.22706
Eritrea,NA,2015,43.33621
Eritrea,NA,2017,39.24553
Estonia,NA,2016,11.26704
Eswatini,NA,2015,27.58272
Eswatini,NA,2016,27.27385
Europe,NA,2015,14.12655
Europe,NA,2016,14.00801
Europe,NA,2017,14.03517
Fiji,NA,2016,19.7431
Finland,Europe,2016,13.32179
Gambia,Africa,2015,37.14288
Gambia,Africa,2017,38.67589
Gambia,Africa,2018,36.13813
Georgia,NA,2015,9.01662
Georgia,NA,2016,8.82638
Georgia,NA,2017,9.01533
Germany,Europe,2015,12.22305
Germany,Europe,2016,12.14626
Ghana,Africa,2015,31.25587
Ghana,Africa,2016,30.5794
Ghana,Africa,2017,27.29644
Ghana,Africa,2018,27.24556
Gibraltar,NA,2016,13.70588
Gibraltar,NA,2017,14.17
Greece,Europe,2015,9.64365
Greece,Europe,2016,9.27444
Grenada,NA,2015,16.99747
Grenada,NA,2016,15.45199
Grenada,NA,2017,16.18269
Guatemala,Americas,2015,20.40727
Guatemala,Americas,2016,21.74437
Guatemala,Americas,2017,20.17993
Guinea,Africa,2016,47.14862
High income countries,NA,2015,14.22281
High income countries,NA,2016,14.15295
High income countries,NA,2017,14.15035
Honduras,Americas,2015,29.14566
Honduras,Americas,2016,28.37057
Honduras,Americas,2017,25.59773
Hungary,Europe,2015,10.97863
Hungary,Europe,2016,10.76744
Iceland,Europe,2015,10.14405
India,Asia,2015,31.49146
India,Asia,2016,35.21588
Indonesia,Asia,2016,13.97814
Indonesia,Asia,2017,16.06371
Iran (Islamic Republic of),NA,2015,26.77414
Iran (Islamic Republic of),NA,2016,27.32117
Iran (Islamic Republic of),NA,2017,28.52479
Israel,Asia,2015,12.08838
Israel,Asia,2016,12.07069
Italy,Europe,2015,12.02716
Italy,Europe,2016,11.12385
Jamaica,Americas,2015,21.97603
Jamaica,Americas,2016,22.64723
Jamaica,Americas,2017,22.10634
Japan,Asia,2015,16.17666
Japan,Asia,2016,15.87224
Jordan,Asia,2016,18.36314
Jordan,Asia,2017,21.03903
Kazakhstan,NA,2015,16.2004
Kazakhstan,NA,2016,18.5511
Kazakhstan,NA,2017,20.75555
Kazakhstan,NA,2018,19.63913
Kenya,Africa,2015,30.65055
Kiribati,NA,2016,25.73171
Kiribati,NA,2017,25.48855
Kuwait,Asia,2015,8.86229
Kuwait,Asia,2016,8.85539
Kuwait,Asia,2017,8.8586
Kyrgyzstan,NA,2015,26.19366
Kyrgyzstan,NA,2016,25.03207
Kyrgyzstan,NA,2017,24.91353
Landlocked Developing Countries,NA,2015,38.17307
Landlocked Developing Countries,NA,2016,38.47053
Landlocked Developing Countries,NA,2017,38.18838
Lao People's Democratic Republic,NA,2015,24.15685
Lao People's Democratic Republic,NA,2016,22.95564
Lao People's Democratic Republic,NA,2017,22.33745
Latin America and the Caribbean,NA,2015,21.63502
Latin America and the Caribbean,NA,2016,21.56923
Latin America and the Caribbean,NA,2017,21.44978
Latvia,NA,2015,11.13249
Latvia,NA,2016,11.3295
Least Developed Countries,NA,2015,37.96413
Least Developed Countries,NA,2016,37.45275
Least Developed Countries,NA,2017,37.19504
Lebanon,Asia,2016,12.17537
Lebanon,Asia,2017,12.48274
Lesotho,Africa,2015,33.08664
Lesotho,Africa,2016,33.75653
Lesotho,Africa,2017,32.94806
Liberia,Africa,2015,30.44637
Liberia,Africa,2016,27.0679
Liechtenstein,NA,2015,7.84524
Liechtenstein,NA,2016,7.68462
Lithuania,NA,2015,12.86014
Lithuania,NA,2016,13.22845
Low income countries,NA,2015,39.79081
Low income countries,NA,2016,39.50265
Low income countries,NA,2017,39.46101
Lower middle income countries,NA,2015,27.83073
Lower middle income countries,NA,2016,28.70438
Lower middle income countries,NA,2017,29.25579
Luxembourg,NA,2015,8.45773
Luxembourg,NA,2016,8.30333
Madagascar,Africa,2015,41.1927
Madagascar,Africa,2016,40.606
Malawi,Africa,2015,69.50969
Malaysia,Asia,2015,11.521
Malaysia,Asia,2016,11.61165
Malaysia,Asia,2017,11.6556
Maldives,NA,2015,10.34037
Maldives,NA,2016,10.296569999999999
Maldives,NA,2017,10.16278
Mali,Africa,2015,42.70695
Mali,Africa,2016,39.08605
Mali,Africa,2017,38.22009
Malta,NA,2015,13.49445
Malta,NA,2016,13.02685
Mauritania,Africa,2015,35.81193
Mauritania,Africa,2016,36.36696
Mauritius,Africa,2015,18.82093
Mauritius,Africa,2016,17.79444
Mauritius,Africa,2017,17.93769
Mexico,Americas,2015,26.92701
Mexico,Americas,2016,26.74201
Mexico,Americas,2017,26.55228
Micronesia (Federated States of),NA,2015,19.7106
Middle income countries,NA,2015,23.25436
Middle income countries,NA,2016,23.79121
Middle income countries,NA,2017,24.00469
Monaco,NA,2015,12.63871
Monaco,NA,2016,13.70548
Monaco,NA,2017,10.45596
Mongolia,Asia,2015,28.222
Mongolia,Asia,2016,29.69343
Mongolia,Asia,2017,30.37955
Montserrat,NA,2016,15.9
Montserrat,NA,2017,15.06667
Morocco,Africa,2015,25.88159
Morocco,Africa,2016,26.59118
Morocco,Africa,2017,28.03417
Mozambique,Africa,2015,54.66026
Mozambique,Africa,2016,53.60539
Mozambique,Africa,2017,52.43683
Myanmar,Asia,2016,22.04141
Myanmar,Asia,2017,23.04535
Nauru,NA,2016,40.17778
Nepal,Asia,2015,23.09923
Nepal,Asia,2016,22.42122
Nepal,Asia,2017,20.90655
Netherlands,Europe,2015,11.62356
Netherlands,Europe,2016,11.72995
New Zealand,Oceania,2015,14.49628
New Zealand,Oceania,2016,14.6225
New Zealand,Oceania,2017,14.91552
Niger,Africa,2015,36.6289
Niger,Africa,2016,36.2582
Niger,Africa,2017,36.33661
Niue,NA,2015,17.25
Niue,NA,2016,15.46154
North America and Western Europe,NA,2015,14.01607
North America and Western Europe,NA,2016,13.87057
North America and Western Europe,NA,2017,13.87982
Northern America,NA,2015,14.66827
Northern America,NA,2016,14.66749
Northern America and Europe,NA,2015,14.34544
Northern America and Europe,NA,2016,14.2718
Northern America and Europe,NA,2017,14.29008
Norway,Europe,2015,8.86857
Norway,Europe,2016,9.01206
Oceania,NA,2015,21.05164
Oceania,NA,2016,21.03314
Oceania,NA,2017,21.03182
Oceania (excl. Australia/New Zealand),NA,2015,32.06954
Oceania (excl. Australia/New Zealand),NA,2016,31.70851
Oceania (excl. Australia/New Zealand),NA,2017,31.78309
Oman,NA,2017,10.12768
Pakistan,Asia,2015,46.34065
Pakistan,Asia,2016,47.63465
Pakistan,Asia,2017,44.78201
Palestine,NA,2015,23.99819
Palestine,NA,2016,23.84715
Palestine,NA,2017,24.72816
Panama,Americas,2015,21.89367
Panama,Americas,2016,21.44301
Papua New Guinea,NA,2016,35.52165
Peru,Americas,2015,17.9767
Peru,Americas,2016,18.31765
Peru,Americas,2017,17.93677
Peru,Americas,2018,17.38724
Philippines,Asia,2015,30.26629
Philippines,Asia,2016,28.98824
Poland,Europe,2015,10.49058
Poland,Europe,2016,10.81003
Portugal,Europe,2015,13.30619
Portugal,Europe,2016,12.7774
Puerto Rico,NA,2015,13.89943
Puerto Rico,NA,2016,13.53647
Qatar,NA,2015,11.62677
Qatar,NA,2016,11.6276
Qatar,NA,2017,11.77467
Republic of Korea,NA,2015,16.55424
Republic of Korea,NA,2016,16.30703
Republic of Moldova,NA,2015,17.45665
Republic of Moldova,NA,2016,17.42007
Republic of Moldova,NA,2017,17.68211
Romania,Europe,2015,18.90704
Romania,Europe,2016,19.32759
Russian Federation,NA,2015,20.14375
Russian Federation,NA,2016,20.61869
Rwanda,Africa,2015,58.34317
Rwanda,Africa,2016,58.45684
Rwanda,Africa,2017,57.85938
Saint Kitts and Nevis,NA,2015,15.09945
Saint Kitts and Nevis,NA,2016,13.87277
Saint Lucia,NA,2015,15.4614
Saint Lucia,NA,2016,15.12879
Saint Lucia,NA,2017,15.2315
Saint Vincent and the Grenadines,NA,2015,14.89632
Saint Vincent and the Grenadines,NA,2016,14.51432
Saint Vincent and the Grenadines,NA,2017,14.393370000000001
Sao Tome and Principe,NA,2015,38.77644
Sao Tome and Principe,NA,2016,32.15018
Sao Tome and Principe,NA,2017,31.15842
Saudi Arabia,Asia,2015,10.90061
Saudi Arabia,Asia,2016,11.68136
Senegal,Africa,2015,32.09004
Senegal,Africa,2016,31.74299
Senegal,Africa,2017,32.81273
Serbia,Europe,2015,15.24293
Serbia,Europe,2016,14.5183
Serbia,Europe,2017,14.28392
Seychelles,NA,2015,13.72171
Seychelles,NA,2016,13.98602
Seychelles,NA,2017,14.03261
Sierra Leone,Africa,2015,33.75042
Sierra Leone,Africa,2016,37.33182
Sierra Leone,Africa,2017,39.43821
Singapore,Asia,2016,15.0593
Slovakia,NA,2015,15.24933
Slovenia,Europe,2015,16.90462
Slovenia,Europe,2016,13.80157
Small Island Developing States,NA,2015,20.91975
Small Island Developing States,NA,2016,20.92549
Small Island Developing States,NA,2017,20.84964
Solomon Islands,NA,2015,25.73093
Solomon Islands,NA,2016,25.15321
Solomon Islands,NA,2017,25.77788
South Africa,Africa,2015,30.3322
South and West Asia,NA,2015,32.3491
South and West Asia,NA,2016,35.04592
South and West Asia,NA,2017,34.61932
South Sudan,NA,2015,46.75029
Spain,Europe,2015,13.18623
Spain,Europe,2016,12.99102
Sri Lanka,Asia,2015,23.15243
Sri Lanka,Asia,2016,23.16642
Sri Lanka,Asia,2017,22.93257
Sub-Saharan Africa,NA,2015,38.61777
Sub-Saharan Africa,NA,2016,38.66258
Sub-Saharan Africa,NA,2017,38.49626
Suriname,NA,2015,13.33105
Suriname,NA,2016,13.35066
Suriname,NA,2017,12.92371
Sweden,Europe,2015,12.09754
Sweden,Europe,2016,12.3537
Switzerland,Europe,2016,10.13562
Tajikistan,NA,2015,22.28986
Tajikistan,NA,2016,22.19159
Tajikistan,NA,2017,22.30051
Thailand,Asia,2015,16.88246
Thailand,Asia,2016,16.65791
Thailand,Asia,2017,16.22081
The former Yugoslav Republic of Macedonia,NA,2015,14.40654
Togo,Africa,2015,41.70862
Togo,Africa,2016,41.39676
Togo,Africa,2017,40.12613
Tokelau,NA,2016,11.86667
Tonga,NA,2015,21.63312
Tunisia,Africa,2015,15.79669
Tunisia,Africa,2016,16.18367
Turkey,Europe,2015,18.40513
Tuvalu,NA,2015,12.71795
Tuvalu,NA,2016,17.19481
Uganda,Africa,2015,42.9168
Uganda,Africa,2016,42.72062
Uganda,Africa,2017,42.65911
Ukraine,NA,2015,12.38447
Ukraine,NA,2016,12.75838
Ukraine,NA,2017,12.99453
United Arab Emirates,NA,2015,23.61794
United Arab Emirates,NA,2016,24.52278
United Kingdom of Great Britain and Northern Ireland,NA,2016,15.05392
United Republic of Tanzania,NA,2016,41.76673
United Republic of Tanzania,NA,2017,47.15284
United States of America,NA,2015,14.45723
Upper middle income countries,NA,2015,18.33116
Upper middle income countries,NA,2016,18.50776
Upper middle income countries,NA,2017,18.52874
Uruguay,Americas,2015,11.76053
Uruguay,Americas,2016,11.13129
Uzbekistan,NA,2015,19.03192
Uzbekistan,NA,2016,20.42443
Uzbekistan,NA,2017,21.15014
Vanuatu,NA,2015,26.56507
Viet Nam,NA,2015,19.2242
Viet Nam,NA,2016,19.62995
Viet Nam,NA,2017,19.64643
Western Asia and Northern Africa,NA,2015,18.81794
Western Asia and Northern Africa,NA,2016,19.23948
Western Asia and Northern Africa,NA,2017,19.48763
World,NA,2015,23.09554
World,NA,2016,23.46953
World,NA,2017,23.63702
Yemen,NA,2016,26.93016
Zambia,Africa,2015,42.74181
Zambia,Africa,2016,43.31661
Zambia,Africa,2017,42.05996
