country,continent,pop,food_category,consumption,co2_emmission
Albania,Europe,1282697,Pork,10.88,38.51
Albania,Europe,1282697,Poultry,13.229999999999999,14.209999999999999
Albania,Europe,1282697,Beef,22.5,694.3
Albania,Europe,1282697,Lamb & Goat,15.32,536.5
Albania,Europe,1282697,Fish,3.8499999999999996,6.1499999999999995
Albania,Europe,1282697,Eggs,12.450000000000001,11.44
Albania,Europe,1282697,Milk - inc. cheese,303.71999999999997,432.62
Albania,Europe,1282697,Wheat and Wheat Products,138.64,26.439999999999998
Albania,Europe,1282697,Rice,7.78,9.96
Albania,Europe,1282697,Soybeans,0,0
Albania,Europe,1282697,Nuts inc. Peanut Butter,4.359999999999999,7.72
Algeria,Africa,9279525,Pork,0,0
Algeria,Africa,9279525,Poultry,7.42,7.970000000000001
Algeria,Africa,9279525,Beef,5.6,172.8
Algeria,Africa,9279525,Lamb & Goat,7.6899999999999995,269.3
Algeria,Africa,9279525,Fish,3.74,5.970000000000001
Algeria,Africa,9279525,Eggs,8.06,7.4
Algeria,Africa,9279525,Milk - inc. cheese,141.53,201.6
Algeria,Africa,9279525,Wheat and Wheat Products,185.42000000000002,35.36
Algeria,Africa,9279525,Rice,2.9699999999999998,3.8
Algeria,Africa,9279525,Soybeans,0,0
Algeria,Africa,9279525,Nuts inc. Peanut Butter,2.08,3.68
Angola,Africa,4232095,Pork,8.89,31.47
Angola,Africa,4232095,Poultry,17.330000000000002,18.62
Angola,Africa,4232095,Beef,8.42,259.82
Angola,Africa,4232095,Lamb & Goat,1.08,37.82
Angola,Africa,4232095,Fish,15.239999999999998,24.330000000000002
Angola,Africa,4232095,Eggs,1.11,1.02
Angola,Africa,4232095,Milk - inc. cheese,12.3,17.52
Angola,Africa,4232095,Wheat and Wheat Products,40.720000000000006,7.7700000000000005
Angola,Africa,4232095,Rice,8.12,10.39
Angola,Africa,4232095,Soybeans,0.52,0.23
Angola,Africa,4232095,Nuts inc. Peanut Butter,2.2600000000000002,4
Argentina,Americas,17876956,Pork,10.51,37.2
Argentina,Americas,17876956,Poultry,38.660000000000004,41.53
Argentina,Americas,17876956,Beef,55.48,1712
Argentina,Americas,17876956,Lamb & Goat,1.56,54.63
Argentina,Americas,17876956,Fish,4.359999999999999,6.96
Argentina,Americas,17876956,Eggs,11.39,10.46
Argentina,Americas,17876956,Milk - inc. cheese,195.08,277.87
Argentina,Americas,17876956,Wheat and Wheat Products,103.11,19.66
Argentina,Americas,17876956,Rice,8.77,11.219999999999999
Argentina,Americas,17876956,Soybeans,0,0
Argentina,Americas,17876956,Nuts inc. Peanut Butter,0.49,0.8700000000000001
Australia,Oceania,8691212,Pork,24.14,85.44000000000001
Australia,Oceania,8691212,Poultry,46.120000000000005,49.54
Australia,Oceania,8691212,Beef,33.86,1044.85
Australia,Oceania,8691212,Lamb & Goat,9.870000000000001,345.65000000000003
Australia,Oceania,8691212,Fish,17.69,28.25
Australia,Oceania,8691212,Eggs,8.51,7.819999999999999
Australia,Oceania,8691212,Milk - inc. cheese,234.49,334.01
Australia,Oceania,8691212,Wheat and Wheat Products,70.46000000000001,13.44
Australia,Oceania,8691212,Rice,11.03,14.12
Australia,Oceania,8691212,Soybeans,0.19,0.09
Australia,Oceania,8691212,Nuts inc. Peanut Butter,8.729999999999999,15.450000000000001
Austria,Europe,6927772,Pork,52.56,186.04
Austria,Europe,6927772,Poultry,18.610000000000003,19.99
Austria,Europe,6927772,Beef,17.14,528.9
Austria,Europe,6927772,Lamb & Goat,1.1600000000000001,40.620000000000005
Austria,Europe,6927772,Fish,12.16,19.419999999999998
Austria,Europe,6927772,Eggs,14.68,13.49
Austria,Europe,6927772,Milk - inc. cheese,258.09,367.62
Austria,Europe,6927772,Wheat and Wheat Products,81.1,15.47
Austria,Europe,6927772,Rice,3.7,4.73
Austria,Europe,6927772,Soybeans,2.06,0.93
Austria,Europe,6927772,Nuts inc. Peanut Butter,7.88,13.950000000000001
Bangladesh,Asia,46886859,Pork,0,0
Bangladesh,Asia,46886859,Poultry,1.4,1.5
Bangladesh,Asia,46886859,Beef,1.28,39.5
Bangladesh,Asia,46886859,Lamb & Goat,1.33,46.58
Bangladesh,Asia,46886859,Fish,18.07,28.85
Bangladesh,Asia,46886859,Eggs,2.08,1.91
Bangladesh,Asia,46886859,Milk - inc. cheese,21.91,31.21
Bangladesh,Asia,46886859,Wheat and Wheat Products,17.47,3.3299999999999996
Bangladesh,Asia,46886859,Rice,171.73,219.76
Bangladesh,Asia,46886859,Soybeans,0.61,0.27
Bangladesh,Asia,46886859,Nuts inc. Peanut Butter,0.72,1.27
Belgium,Europe,8730405,Pork,38.65,136.8
Belgium,Europe,8730405,Poultry,12.2,13.11
Belgium,Europe,8730405,Beef,15.629999999999999,482.31
Belgium,Europe,8730405,Lamb & Goat,1.32,46.230000000000004
Belgium,Europe,8730405,Fish,18.97,30.29
Belgium,Europe,8730405,Eggs,12.59,11.57
Belgium,Europe,8730405,Milk - inc. cheese,236.19,336.42999999999995
Belgium,Europe,8730405,Wheat and Wheat Products,111.91000000000001,21.34
Belgium,Europe,8730405,Rice,8.61,11.02
Belgium,Europe,8730405,Soybeans,0.07,0.03
Belgium,Europe,8730405,Nuts inc. Peanut Butter,7.319999999999999,12.96
Bolivia,Americas,2883315,Pork,8.89,31.47
Bolivia,Americas,2883315,Poultry,34.309999999999995,36.86
Bolivia,Americas,2883315,Beef,19.779999999999998,610.37
Bolivia,Americas,2883315,Lamb & Goat,1.72,60.230000000000004
Bolivia,Americas,2883315,Fish,2.18,3.48
Bolivia,Americas,2883315,Eggs,5.18,4.76
Bolivia,Americas,2883315,Milk - inc. cheese,46.04,65.58
Bolivia,Americas,2883315,Wheat and Wheat Products,49.99,9.53
Bolivia,Americas,2883315,Rice,26.99,34.54
Bolivia,Americas,2883315,Soybeans,0.01,0
Bolivia,Americas,2883315,Nuts inc. Peanut Butter,9.16,16.21
Bosnia and Herzegovina,Europe,2791000,Pork,9.38,33.2
Bosnia and Herzegovina,Europe,2791000,Poultry,13.17,14.15
Bosnia and Herzegovina,Europe,2791000,Beef,9.12,281.41999999999996
Bosnia and Herzegovina,Europe,2791000,Lamb & Goat,0.47000000000000003,16.459999999999997
Bosnia and Herzegovina,Europe,2791000,Fish,4.06,6.48
Bosnia and Herzegovina,Europe,2791000,Eggs,4.49,4.119999999999999
Bosnia and Herzegovina,Europe,2791000,Milk - inc. cheese,174.03,247.89000000000001
Bosnia and Herzegovina,Europe,2791000,Wheat and Wheat Products,93.56,17.84
Bosnia and Herzegovina,Europe,2791000,Rice,1.8800000000000001,2.4099999999999997
Bosnia and Herzegovina,Europe,2791000,Soybeans,1.48,0.6699999999999999
Bosnia and Herzegovina,Europe,2791000,Nuts inc. Peanut Butter,2,3.54
Botswana,Africa,442308,Pork,0.74,2.62
Botswana,Africa,442308,Poultry,5.33,5.73
Botswana,Africa,442308,Beef,7.85,242.23
Botswana,Africa,442308,Lamb & Goat,3.7600000000000002,131.67
Botswana,Africa,442308,Fish,3.98,6.35
Botswana,Africa,442308,Eggs,1.95,1.79
Botswana,Africa,442308,Milk - inc. cheese,117.74000000000001,167.70999999999998
Botswana,Africa,442308,Wheat and Wheat Products,38.2,7.28
Botswana,Africa,442308,Rice,7.06,9.03
Botswana,Africa,442308,Soybeans,1.1600000000000001,0.52
Botswana,Africa,442308,Nuts inc. Peanut Butter,1.08,1.91
Brazil,Americas,56602560,Pork,12.6,44.6
Brazil,Americas,56602560,Poultry,45,48.339999999999996
Brazil,Americas,56602560,Beef,39.25,1211.1699999999998
Brazil,Americas,56602560,Lamb & Goat,0.62,21.71
Brazil,Americas,56602560,Fish,10.01,15.98
Brazil,Americas,56602560,Eggs,8.98,8.25
Brazil,Americas,56602560,Milk - inc. cheese,149.28,212.63
Brazil,Americas,56602560,Wheat and Wheat Products,53,10.11
Brazil,Americas,56602560,Rice,32.13,41.120000000000005
Brazil,Americas,56602560,Soybeans,3.62,1.6300000000000001
Brazil,Americas,56602560,Nuts inc. Peanut Butter,0.6699999999999999,1.1900000000000002
Bulgaria,Europe,7274900,Pork,26.259999999999998,92.95
Bulgaria,Europe,7274900,Poultry,20.68,22.21
Bulgaria,Europe,7274900,Beef,3.84,118.49000000000001
Bulgaria,Europe,7274900,Lamb & Goat,1.6300000000000001,57.08
Bulgaria,Europe,7274900,Fish,6.24,9.96
Bulgaria,Europe,7274900,Eggs,8.360000000000001,7.68
Bulgaria,Europe,7274900,Milk - inc. cheese,155.70999999999998,221.79
Bulgaria,Europe,7274900,Wheat and Wheat Products,121.16999999999999,23.110000000000003
Bulgaria,Europe,7274900,Rice,2.24,2.8699999999999997
Bulgaria,Europe,7274900,Soybeans,0.04,0.02
Bulgaria,Europe,7274900,Nuts inc. Peanut Butter,2.2600000000000002,4
Cambodia,Asia,4693836,Pork,6.52,23.08
Cambodia,Asia,4693836,Poultry,1.84,1.98
Cambodia,Asia,4693836,Beef,4.85,149.66
Cambodia,Asia,4693836,Lamb & Goat,0,0
Cambodia,Asia,4693836,Fish,39.59,63.21
Cambodia,Asia,4693836,Eggs,1.37,1.26
Cambodia,Asia,4693836,Milk - inc. cheese,3.4699999999999998,4.94
Cambodia,Asia,4693836,Wheat and Wheat Products,2.74,0.52
Cambodia,Asia,4693836,Rice,159.1,203.6
Cambodia,Asia,4693836,Soybeans,4.33,1.95
Cambodia,Asia,4693836,Nuts inc. Peanut Butter,1.25,2.21
Cameroon,Africa,5009067,Pork,1.47,5.2
Cameroon,Africa,5009067,Poultry,3.29,3.53
Cameroon,Africa,5009067,Beef,4.17,128.68
Cameroon,Africa,5009067,Lamb & Goat,1.4,49.03
Cameroon,Africa,5009067,Fish,14.709999999999999,23.49
Cameroon,Africa,5009067,Eggs,0.4,0.37
Cameroon,Africa,5009067,Milk - inc. cheese,15.27,21.75
Cameroon,Africa,5009067,Wheat and Wheat Products,22.6,4.31
Cameroon,Africa,5009067,Rice,23.85,30.52
Cameroon,Africa,5009067,Soybeans,0.64,0.29000000000000004
Cameroon,Africa,5009067,Nuts inc. Peanut Butter,9.29,16.439999999999998
Canada,Americas,14785584,Pork,22.810000000000002,80.74000000000001
Canada,Americas,14785584,Poultry,36.68,39.4
Canada,Americas,14785584,Beef,30.25,933.4499999999999
Canada,Americas,14785584,Lamb & Goat,0.97,33.97
Canada,Americas,14785584,Fish,14.56,23.25
Canada,Americas,14785584,Eggs,12.950000000000001,11.9
Canada,Americas,14785584,Milk - inc. cheese,187.76999999999998,267.46
Canada,Americas,14785584,Wheat and Wheat Products,84.96000000000001,16.2
Canada,Americas,14785584,Rice,12.65,16.19
Canada,Americas,14785584,Soybeans,0.9400000000000001,0.42000000000000004
Canada,Americas,14785584,Nuts inc. Peanut Butter,8.01,14.18
Chile,Americas,6377619,Pork,24.68,87.35
Chile,Americas,6377619,Poultry,36.52,39.230000000000004
Chile,Americas,6377619,Beef,23.86,736.2700000000001
Chile,Americas,6377619,Lamb & Goat,0.42000000000000004,14.709999999999999
Chile,Americas,6377619,Fish,7.6499999999999995,12.209999999999999
Chile,Americas,6377619,Eggs,9.97,9.16
Chile,Americas,6377619,Milk - inc. cheese,116.11,165.39000000000001
Chile,Americas,6377619,Wheat and Wheat Products,104.74000000000001,19.97
Chile,Americas,6377619,Rice,8.850000000000001,11.33
Chile,Americas,6377619,Soybeans,0.04,0.02
Chile,Americas,6377619,Nuts inc. Peanut Butter,2.22,3.9299999999999997
China,Asia,556263528,Pork,38.43,136.02
China,Asia,556263528,Poultry,13.2,14.18
China,Asia,556263528,Beef,5.119999999999999,157.99
China,Asia,556263528,Lamb & Goat,3.13,109.61
China,Asia,556263528,Fish,21.01,33.55
China,Asia,556263528,Eggs,18.759999999999998,17.23
China,Asia,556263528,Milk - inc. cheese,32.660000000000004,46.52
China,Asia,556263528,Wheat and Wheat Products,63.36,12.08
China,Asia,556263528,Rice,78.17999999999999,100.05
China,Asia,556263528,Soybeans,3.66,1.6500000000000001
China,Asia,556263528,Nuts inc. Peanut Butter,6.39,11.31
Colombia,Americas,12350771,Pork,6.51,23.04
Colombia,Americas,12350771,Poultry,27.57,29.62
Colombia,Americas,12350771,Beef,16.36,504.84000000000003
Colombia,Americas,12350771,Lamb & Goat,0.21000000000000002,7.35
Colombia,Americas,12350771,Fish,6.01,9.6
Colombia,Americas,12350771,Eggs,10.78,9.9
Colombia,Americas,12350771,Milk - inc. cheese,108.47,154.5
Colombia,Americas,12350771,Wheat and Wheat Products,29.79,5.68
Colombia,Americas,12350771,Rice,28.02,35.86
Colombia,Americas,12350771,Soybeans,0.89,0.4
Colombia,Americas,12350771,Nuts inc. Peanut Butter,0.42000000000000004,0.74
Costa Rica,Americas,926317,Pork,10.28,36.39
Costa Rica,Americas,926317,Poultry,24.47,26.29
Costa Rica,Americas,926317,Beef,15.229999999999999,469.96999999999997
Costa Rica,Americas,926317,Lamb & Goat,0.02,0.7
Costa Rica,Americas,926317,Fish,11.32,18.07
Costa Rica,Americas,926317,Eggs,10.55,9.69
Costa Rica,Americas,926317,Milk - inc. cheese,183.28,261.06
Costa Rica,Americas,926317,Wheat and Wheat Products,39.309999999999995,7.5
Costa Rica,Americas,926317,Rice,45.690000000000005,58.47
Costa Rica,Americas,926317,Soybeans,1.54,0.69
Costa Rica,Americas,926317,Nuts inc. Peanut Butter,1.3800000000000001,2.44
Croatia,Europe,3882229,Pork,42.790000000000006,151.46
Croatia,Europe,3882229,Poultry,8.52,9.15
Croatia,Europe,3882229,Beef,12.41,382.95
Croatia,Europe,3882229,Lamb & Goat,1.71,59.879999999999995
Croatia,Europe,3882229,Fish,15.83,25.279999999999998
Croatia,Europe,3882229,Eggs,8.48,7.79
Croatia,Europe,3882229,Milk - inc. cheese,231.02,329.06
Croatia,Europe,3882229,Wheat and Wheat Products,106.59,20.330000000000002
Croatia,Europe,3882229,Rice,2.64,3.38
Croatia,Europe,3882229,Soybeans,0,0
Croatia,Europe,3882229,Nuts inc. Peanut Butter,3.88,6.87
Cuba,Americas,6007797,Pork,19.82,70.14999999999999
Cuba,Americas,6007797,Poultry,20.150000000000002,21.650000000000002
Cuba,Americas,6007797,Beef,6.39,197.18
Cuba,Americas,6007797,Lamb & Goat,1.24,43.42
Cuba,Americas,6007797,Fish,4.76,7.6
Cuba,Americas,6007797,Eggs,9.82,9.02
Cuba,Americas,6007797,Milk - inc. cheese,99.94000000000001,142.35000000000002
Cuba,Americas,6007797,Wheat and Wheat Products,54.620000000000005,10.42
Cuba,Americas,6007797,Rice,67.7,86.64
Cuba,Americas,6007797,Soybeans,6.34,2.8499999999999996
Cuba,Americas,6007797,Nuts inc. Peanut Butter,0.23,0.41000000000000003
Czech Republic,Europe,9125183,Pork,41.17,145.72
Czech Republic,Europe,9125183,Poultry,19.09,20.51
Czech Republic,Europe,9125183,Beef,8.15,251.49
Czech Republic,Europe,9125183,Lamb & Goat,0.33999999999999997,11.91
Czech Republic,Europe,9125183,Fish,8.25,13.17
Czech Republic,Europe,9125183,Eggs,11.66,10.709999999999999
Czech Republic,Europe,9125183,Milk - inc. cheese,195.2,278.04
Czech Republic,Europe,9125183,Wheat and Wheat Products,92.66999999999999,17.67
Czech Republic,Europe,9125183,Rice,4.79,6.13
Czech Republic,Europe,9125183,Soybeans,0.8200000000000001,0.37
Czech Republic,Europe,9125183,Nuts inc. Peanut Butter,2.4699999999999998,4.37
Denmark,Europe,4334000,Pork,24.87,88.03
Denmark,Europe,4334000,Poultry,26.75,28.73
Denmark,Europe,4334000,Beef,28.459999999999997,878.22
Denmark,Europe,4334000,Lamb & Goat,0.92,32.220000000000006
Denmark,Europe,4334000,Fish,16.49,26.330000000000002
Denmark,Europe,4334000,Eggs,15.350000000000001,14.1
Denmark,Europe,4334000,Milk - inc. cheese,277.3,394.98999999999995
Denmark,Europe,4334000,Wheat and Wheat Products,98,18.69
Denmark,Europe,4334000,Rice,4.96,6.35
Denmark,Europe,4334000,Soybeans,0.03,0.01
Denmark,Europe,4334000,Nuts inc. Peanut Butter,5.94,10.51
Ecuador,Americas,3548753,Pork,14.44,51.11
Ecuador,Americas,3548753,Poultry,21.85,23.47
Ecuador,Americas,3548753,Beef,16.610000000000003,512.55
Ecuador,Americas,3548753,Lamb & Goat,0.44,15.41
Ecuador,Americas,3548753,Fish,5.17,8.25
Ecuador,Americas,3548753,Eggs,8.01,7.359999999999999
Ecuador,Americas,3548753,Milk - inc. cheese,139.6,198.85000000000002
Ecuador,Americas,3548753,Wheat and Wheat Products,39.190000000000005,7.470000000000001
Ecuador,Americas,3548753,Rice,45.07,57.68
Ecuador,Americas,3548753,Soybeans,0,0
Ecuador,Americas,3548753,Nuts inc. Peanut Butter,0.98,1.73
Egypt,Africa,22223309,Pork,0.02,0.07
Egypt,Africa,22223309,Poultry,14.43,15.5
Egypt,Africa,22223309,Beef,12.88,397.45
Egypt,Africa,22223309,Lamb & Goat,1.58,55.33
Egypt,Africa,22223309,Fish,21.459999999999997,34.260000000000005
Egypt,Africa,22223309,Eggs,4.59,4.22
Egypt,Africa,22223309,Milk - inc. cheese,59.46,84.69
Egypt,Africa,22223309,Wheat and Wheat Products,146.83,28
Egypt,Africa,22223309,Rice,39.77,50.89
Egypt,Africa,22223309,Soybeans,0.64,0.29000000000000004
Egypt,Africa,22223309,Nuts inc. Peanut Butter,1.82,3.22
El Salvador,Americas,2042865,Pork,3.23,11.43
El Salvador,Americas,2042865,Poultry,19.84,21.310000000000002
El Salvador,Americas,2042865,Beef,5.95,183.6
El Salvador,Americas,2042865,Lamb & Goat,0.02,0.7
El Salvador,Americas,2042865,Fish,6.25,9.98
El Salvador,Americas,2042865,Eggs,9.51,8.739999999999998
El Salvador,Americas,2042865,Milk - inc. cheese,124.34,177.10999999999999
El Salvador,Americas,2042865,Wheat and Wheat Products,28.19,5.38
El Salvador,Americas,2042865,Rice,10.53,13.48
El Salvador,Americas,2042865,Soybeans,0.8,0.36
El Salvador,Americas,2042865,Nuts inc. Peanut Butter,1.1,1.95
Ethiopia,Africa,20860941,Pork,0.02,0.07
Ethiopia,Africa,20860941,Poultry,0.6599999999999999,0.71
Ethiopia,Africa,20860941,Beef,3.61,111.4
Ethiopia,Africa,20860941,Lamb & Goat,1.57,54.98
Ethiopia,Africa,20860941,Fish,0.24000000000000002,0.38
Ethiopia,Africa,20860941,Eggs,0.36,0.32999999999999996
Ethiopia,Africa,20860941,Milk - inc. cheese,44.14,62.87
Ethiopia,Africa,20860941,Wheat and Wheat Products,31.259999999999998,5.96
Ethiopia,Africa,20860941,Rice,2.25,2.88
Ethiopia,Africa,20860941,Soybeans,0.45,0.2
Ethiopia,Africa,20860941,Nuts inc. Peanut Butter,1.21,2.14
Finland,Europe,4090500,Pork,36.14,127.92
Finland,Europe,4090500,Poultry,19.87,21.34
Finland,Europe,4090500,Beef,19.22,593.09
Finland,Europe,4090500,Lamb & Goat,0.53,18.56
Finland,Europe,4090500,Fish,33.8,53.97
Finland,Europe,4090500,Eggs,9.55,8.77
Finland,Europe,4090500,Milk - inc. cheese,430.76,613.57
Finland,Europe,4090500,Wheat and Wheat Products,81.99000000000001,15.639999999999999
Finland,Europe,4090500,Rice,4.42,5.659999999999999
Finland,Europe,4090500,Soybeans,0.08,0.04
Finland,Europe,4090500,Nuts inc. Peanut Butter,3.4299999999999997,6.07
France,Europe,42459667,Pork,33.05,116.98
France,Europe,42459667,Poultry,22.93,24.630000000000003
France,Europe,42459667,Beef,23.810000000000002,734.73
France,Europe,42459667,Lamb & Goat,3.2800000000000002,114.86999999999999
France,Europe,42459667,Fish,22.91,36.58
France,Europe,42459667,Eggs,13.129999999999999,12.06
France,Europe,42459667,Milk - inc. cheese,241.31,343.71999999999997
France,Europe,42459667,Wheat and Wheat Products,108.43,20.68
France,Europe,42459667,Rice,4.88,6.24
France,Europe,42459667,Soybeans,0.05,0.02
France,Europe,42459667,Nuts inc. Peanut Butter,5.39,9.54
Gambia,Africa,284320,Pork,0.18,0.64
Gambia,Africa,284320,Poultry,2.66,2.86
Gambia,Africa,284320,Beef,2.16,66.64999999999999
Gambia,Africa,284320,Lamb & Goat,0.71,24.86
Gambia,Africa,284320,Fish,23.130000000000003,36.93
Gambia,Africa,284320,Eggs,0.99,0.91
Gambia,Africa,284320,Milk - inc. cheese,45.71,65.11
Gambia,Africa,284320,Wheat and Wheat Products,37.91,7.23
Gambia,Africa,284320,Rice,61.839999999999996,79.14
Gambia,Africa,284320,Soybeans,0,0
Gambia,Africa,284320,Nuts inc. Peanut Butter,5.2700000000000005,9.33
Germany,Europe,69145952,Pork,51.809999999999995,183.38000000000002
Germany,Europe,69145952,Poultry,17.75,19.07
Germany,Europe,69145952,Beef,13.16,406.09
Germany,Europe,69145952,Lamb & Goat,0.73,25.56
Germany,Europe,69145952,Fish,11.16,17.82
Germany,Europe,69145952,Eggs,12.2,11.209999999999999
Germany,Europe,69145952,Milk - inc. cheese,258.7,368.48999999999995
Germany,Europe,69145952,Wheat and Wheat Products,83.41000000000001,15.91
Germany,Europe,69145952,Rice,3.34,4.2700000000000005
Germany,Europe,69145952,Soybeans,0.88,0.4
Germany,Europe,69145952,Nuts inc. Peanut Butter,7.96,14.09
Ghana,Africa,5581001,Pork,1.36,4.81
Ghana,Africa,5581001,Poultry,8.629999999999999,9.27
Ghana,Africa,5581001,Beef,1.09,33.64
Ghana,Africa,5581001,Lamb & Goat,1.74,60.93
Ghana,Africa,5581001,Fish,26.05,41.59
Ghana,Africa,5581001,Eggs,1.21,1.11
Ghana,Africa,5581001,Milk - inc. cheese,9.08,12.93
Ghana,Africa,5581001,Wheat and Wheat Products,14.450000000000001,2.7600000000000002
Ghana,Africa,5581001,Rice,32.03,40.99
Ghana,Africa,5581001,Soybeans,0.01,0
Ghana,Africa,5581001,Nuts inc. Peanut Butter,5.56,9.84
Greece,Europe,7733250,Pork,28.310000000000002,100.2
Greece,Europe,7733250,Poultry,15.739999999999998,16.91
Greece,Europe,7733250,Beef,16.1,496.81
Greece,Europe,7733250,Lamb & Goat,12.47,436.7
Greece,Europe,7733250,Fish,14.42,23.02
Greece,Europe,7733250,Eggs,10.129999999999999,9.31
Greece,Europe,7733250,Milk - inc. cheese,255.26,363.59
Greece,Europe,7733250,Wheat and Wheat Products,124.04,23.650000000000002
Greece,Europe,7733250,Rice,6.64,8.5
Greece,Europe,7733250,Soybeans,0.02,0.01
Greece,Europe,7733250,Nuts inc. Peanut Butter,10.5,18.59
Guatemala,Americas,3146381,Pork,4.85,17.17
Guatemala,Americas,3146381,Poultry,16.45,17.67
Guatemala,Americas,3146381,Beef,5.6,172.8
Guatemala,Americas,3146381,Lamb & Goat,0.23,8.05
Guatemala,Americas,3146381,Fish,1.08,1.72
Guatemala,Americas,3146381,Eggs,14.61,13.42
Guatemala,Americas,3146381,Milk - inc. cheese,46.6,66.38
Guatemala,Americas,3146381,Wheat and Wheat Products,35.9,6.85
Guatemala,Americas,3146381,Rice,5.659999999999999,7.24
Guatemala,Americas,3146381,Soybeans,0.32,0.14
Guatemala,Americas,3146381,Nuts inc. Peanut Butter,2,3.54
Guinea,Africa,2664249,Pork,0.16,0.5700000000000001
Guinea,Africa,2664249,Poultry,1.83,1.97
Guinea,Africa,2664249,Beef,6.26,193.17
Guinea,Africa,2664249,Lamb & Goat,1.6,56.03
Guinea,Africa,2664249,Fish,9.18,14.66
Guinea,Africa,2664249,Eggs,1.95,1.79
Guinea,Africa,2664249,Milk - inc. cheese,20.62,29.37
Guinea,Africa,2664249,Wheat and Wheat Products,18.55,3.54
Guinea,Africa,2664249,Rice,97.11999999999999,124.28
Guinea,Africa,2664249,Soybeans,0,0
Guinea,Africa,2664249,Nuts inc. Peanut Butter,4.14,7.33
Honduras,Americas,1517453,Pork,6.48,22.939999999999998
Honduras,Americas,1517453,Poultry,20.29,21.8
Honduras,Americas,1517453,Beef,7.1899999999999995,221.87
Honduras,Americas,1517453,Lamb & Goat,0.04,1.4
Honduras,Americas,1517453,Fish,2.7,4.31
Honduras,Americas,1517453,Eggs,5.1899999999999995,4.7700000000000005
Honduras,Americas,1517453,Milk - inc. cheese,91.33,130.09
Honduras,Americas,1517453,Wheat and Wheat Products,37.36,7.119999999999999
Honduras,Americas,1517453,Rice,14.42,18.45
Honduras,Americas,1517453,Soybeans,0.01,0
Honduras,Americas,1517453,Nuts inc. Peanut Butter,0.75,1.33
Hungary,Europe,9504000,Pork,34.93,123.63
Hungary,Europe,9504000,Poultry,23.779999999999998,25.54
Hungary,Europe,9504000,Beef,4.96,153.06
Hungary,Europe,9504000,Lamb & Goat,0.11,3.8499999999999996
Hungary,Europe,9504000,Fish,4.930000000000001,7.87
Hungary,Europe,9504000,Eggs,12.450000000000001,11.44
Hungary,Europe,9504000,Milk - inc. cheese,159.05,226.55
Hungary,Europe,9504000,Wheat and Wheat Products,109.98,20.97
Hungary,Europe,9504000,Rice,2.15,2.75
Hungary,Europe,9504000,Soybeans,0.01,0
Hungary,Europe,9504000,Nuts inc. Peanut Butter,0.64,1.1300000000000001
Iceland,Europe,147962,Pork,21.69,76.77
Iceland,Europe,147962,Poultry,26.87,28.86
Iceland,Europe,147962,Beef,13.360000000000001,412.26
Iceland,Europe,147962,Lamb & Goat,21.12,739.62
Iceland,Europe,147962,Fish,74.41000000000001,118.81
Iceland,Europe,147962,Eggs,8.239999999999998,7.57
Iceland,Europe,147962,Milk - inc. cheese,225.82000000000002,321.66
Iceland,Europe,147962,Wheat and Wheat Products,72.92,13.91
Iceland,Europe,147962,Rice,3.8899999999999997,4.98
Iceland,Europe,147962,Soybeans,0.11,0.05
Iceland,Europe,147962,Nuts inc. Peanut Butter,3.88,6.87
India,Asia,372000000,Pork,0.28,0.99
India,Asia,372000000,Poultry,1.8800000000000001,2.02
India,Asia,372000000,Beef,0.81,24.99
India,Asia,372000000,Lamb & Goat,0.58,20.310000000000002
India,Asia,372000000,Fish,4.71,7.52
India,Asia,372000000,Eggs,2.58,2.3699999999999997
India,Asia,372000000,Milk - inc. cheese,84.5,120.36
India,Asia,372000000,Wheat and Wheat Products,60.56,11.55
India,Asia,372000000,Rice,69.49000000000001,88.93
India,Asia,372000000,Soybeans,0.39,0.18
India,Asia,372000000,Nuts inc. Peanut Butter,1.92,3.4
Indonesia,Asia,82052000,Pork,2.98,10.55
Indonesia,Asia,82052000,Poultry,7.5,8.06
Indonesia,Asia,82052000,Beef,2.59,79.92
Indonesia,Asia,82052000,Lamb & Goat,0.46,16.110000000000003
Indonesia,Asia,82052000,Fish,25.650000000000002,40.949999999999996
Indonesia,Asia,82052000,Eggs,4.88,4.48
Indonesia,Asia,82052000,Milk - inc. cheese,14.82,21.110000000000003
Indonesia,Asia,82052000,Wheat and Wheat Products,25.45,4.85
Indonesia,Asia,82052000,Rice,134.62,172.26999999999998
Indonesia,Asia,82052000,Soybeans,1.12,0.5
Indonesia,Asia,82052000,Nuts inc. Peanut Butter,4.92,8.709999999999999
Iran,Asia,17272000,Pork,0,0
Iran,Asia,17272000,Poultry,25.38,27.259999999999998
Iran,Asia,17272000,Beef,3.58,110.47
Iran,Asia,17272000,Lamb & Goat,3.69,129.22
Iran,Asia,17272000,Fish,9.8,15.65
Iran,Asia,17272000,Eggs,7.7,7.07
Iran,Asia,17272000,Milk - inc. cheese,46.690000000000005,66.51
Iran,Asia,17272000,Wheat and Wheat Products,153.31,29.24
Iran,Asia,17272000,Rice,29.95,38.33
Iran,Asia,17272000,Soybeans,0,0
Iran,Asia,17272000,Nuts inc. Peanut Butter,12.16,21.52
Ireland,Europe,2952156,Pork,32.4,114.67999999999999
Ireland,Europe,2952156,Poultry,26.259999999999998,28.21
Ireland,Europe,2952156,Beef,22.35,689.6700000000001
Ireland,Europe,2952156,Lamb & Goat,4.1,143.58
Ireland,Europe,2952156,Fish,17.39,27.77
Ireland,Europe,2952156,Eggs,8.96,8.229999999999999
Ireland,Europe,2952156,Milk - inc. cheese,291.86,415.72999999999996
Ireland,Europe,2952156,Wheat and Wheat Products,107.98,20.59
Ireland,Europe,2952156,Rice,3,3.84
Ireland,Europe,2952156,Soybeans,0.25,0.11
Ireland,Europe,2952156,Nuts inc. Peanut Butter,4.1,7.26
Israel,Asia,1620914,Pork,1.99,7.04
Israel,Asia,1620914,Poultry,62.5,67.14
Israel,Asia,1620914,Beef,28.779999999999998,888.09
Israel,Asia,1620914,Lamb & Goat,1.87,65.49000000000001
Israel,Asia,1620914,Fish,22.18,35.41
Israel,Asia,1620914,Eggs,11.350000000000001,10.43
Israel,Asia,1620914,Milk - inc. cheese,193.6,275.76
Israel,Asia,1620914,Wheat and Wheat Products,110.86,21.14
Israel,Asia,1620914,Rice,16.810000000000002,21.51
Israel,Asia,1620914,Soybeans,0.1,0.05
Israel,Asia,1620914,Nuts inc. Peanut Butter,7.71,13.65
Italy,Europe,47666000,Pork,40.28,142.57
Italy,Europe,47666000,Poultry,18.610000000000003,19.99
Italy,Europe,47666000,Beef,18.6,573.9599999999999
Italy,Europe,47666000,Lamb & Goat,0.92,32.220000000000006
Italy,Europe,47666000,Fish,15.6,24.91
Italy,Europe,47666000,Eggs,13.34,12.25
Italy,Europe,47666000,Milk - inc. cheese,246.88000000000002,351.66
Italy,Europe,47666000,Wheat and Wheat Products,146.37,27.91
Italy,Europe,47666000,Rice,5.74,7.35
Italy,Europe,47666000,Soybeans,0.01,0
Italy,Europe,47666000,Nuts inc. Peanut Butter,7.63,13.51
Jamaica,Americas,1426095,Pork,3.9899999999999998,14.12
Jamaica,Americas,1426095,Poultry,52.51,56.41
Jamaica,Americas,1426095,Beef,3.9699999999999998,122.51
Jamaica,Americas,1426095,Lamb & Goat,1.26,44.13
Jamaica,Americas,1426095,Fish,21.95,35.05
Jamaica,Americas,1426095,Eggs,2.27,2.09
Jamaica,Americas,1426095,Milk - inc. cheese,91.13,129.81
Jamaica,Americas,1426095,Wheat and Wheat Products,70.66999999999999,13.48
Jamaica,Americas,1426095,Rice,23.45,30.01
Jamaica,Americas,1426095,Soybeans,0,0
Jamaica,Americas,1426095,Nuts inc. Peanut Butter,1.82,3.22
Japan,Asia,86459025,Pork,20.62,72.98
Japan,Asia,86459025,Poultry,19.419999999999998,20.86
Japan,Asia,86459025,Beef,9.15,282.35
Japan,Asia,86459025,Lamb & Goat,0.14,4.9
Japan,Asia,86459025,Fish,31.1,49.660000000000004
Japan,Asia,86459025,Eggs,19.150000000000002,17.59
Japan,Asia,86459025,Milk - inc. cheese,72.06,102.64
Japan,Asia,86459025,Wheat and Wheat Products,45.04,8.59
Japan,Asia,86459025,Rice,59.849999999999994,76.59
Japan,Asia,86459025,Soybeans,7.34,3.3
Japan,Asia,86459025,Nuts inc. Peanut Butter,2.59,4.58
Jordan,Asia,607914,Pork,0.02,0.07
Jordan,Asia,607914,Poultry,33.39,35.87
Jordan,Asia,607914,Beef,5.609999999999999,173.10999999999999
Jordan,Asia,607914,Lamb & Goat,5.68,198.91
Jordan,Asia,607914,Fish,5.13,8.19
Jordan,Asia,607914,Eggs,3.92,3.6
Jordan,Asia,607914,Milk - inc. cheese,77.67999999999999,110.64999999999999
Jordan,Asia,607914,Wheat and Wheat Products,136.73999999999998,26.08
Jordan,Asia,607914,Rice,19.67,25.17
Jordan,Asia,607914,Soybeans,0.02,0.01
Jordan,Asia,607914,Nuts inc. Peanut Butter,3.56,6.3
Kenya,Africa,6464046,Pork,0.29000000000000004,1.03
Kenya,Africa,6464046,Poultry,0.47000000000000003,0.5
Kenya,Africa,6464046,Beef,9.54,294.38
Kenya,Africa,6464046,Lamb & Goat,1.86,65.14
Kenya,Africa,6464046,Fish,4.2700000000000005,6.819999999999999
Kenya,Africa,6464046,Eggs,1.84,1.6900000000000002
Kenya,Africa,6464046,Milk - inc. cheese,94.86,135.12
Kenya,Africa,6464046,Wheat and Wheat Products,34.65,6.609999999999999
Kenya,Africa,6464046,Rice,12.94,16.56
Kenya,Africa,6464046,Soybeans,0.2,0.09
Kenya,Africa,6464046,Nuts inc. Peanut Butter,1.6400000000000001,2.9
Kuwait,Asia,160000,Pork,0,0
Kuwait,Asia,160000,Poultry,53.61,57.59
Kuwait,Asia,160000,Beef,13.03,402.08
Kuwait,Asia,160000,Lamb & Goat,15.61,546.66
Kuwait,Asia,160000,Fish,11.99,19.14
Kuwait,Asia,160000,Eggs,12.6,11.57
Kuwait,Asia,160000,Milk - inc. cheese,157.66,224.57
Kuwait,Asia,160000,Wheat and Wheat Products,96.76,18.45
Kuwait,Asia,160000,Rice,43.83,56.09
Kuwait,Asia,160000,Soybeans,0.06,0.03
Kuwait,Asia,160000,Nuts inc. Peanut Butter,5.23,9.26
Liberia,Africa,863308,Pork,4.01,14.19
Liberia,Africa,863308,Poultry,8.91,9.57
Liberia,Africa,863308,Beef,0.7799999999999999,24.07
Liberia,Africa,863308,Lamb & Goat,0.48000000000000004,16.810000000000002
Liberia,Africa,863308,Fish,4.13,6.59
Liberia,Africa,863308,Eggs,2.05,1.8800000000000001
Liberia,Africa,863308,Milk - inc. cheese,3.04,4.33
Liberia,Africa,863308,Wheat and Wheat Products,10.950000000000001,2.09
Liberia,Africa,863308,Rice,94.75,121.25
Liberia,Africa,863308,Soybeans,0.63,0.28
Liberia,Africa,863308,Nuts inc. Peanut Butter,1.31,2.32
Madagascar,Africa,4762912,Pork,2.56,9.06
Madagascar,Africa,4762912,Poultry,3.14,3.3699999999999997
Madagascar,Africa,4762912,Beef,7.51,231.73999999999998
Madagascar,Africa,4762912,Lamb & Goat,0.5700000000000001,19.959999999999997
Madagascar,Africa,4762912,Fish,4.41,7.04
Madagascar,Africa,4762912,Eggs,0.71,0.65
Madagascar,Africa,4762912,Milk - inc. cheese,24.84,35.379999999999995
Madagascar,Africa,4762912,Wheat and Wheat Products,9.01,1.72
Madagascar,Africa,4762912,Rice,102.53,131.20999999999998
Madagascar,Africa,4762912,Soybeans,0,0
Madagascar,Africa,4762912,Nuts inc. Peanut Butter,0.35,0.62
Malawi,Africa,2917802,Pork,5.45,19.29
Malawi,Africa,2917802,Poultry,1.3800000000000001,1.48
Malawi,Africa,2917802,Beef,2.3499999999999996,72.52
Malawi,Africa,2917802,Lamb & Goat,2.07,72.49000000000001
Malawi,Africa,2917802,Fish,7.33,11.7
Malawi,Africa,2917802,Eggs,1.08,0.99
Malawi,Africa,2917802,Milk - inc. cheese,7.98,11.370000000000001
Malawi,Africa,2917802,Wheat and Wheat Products,11.77,2.24
Malawi,Africa,2917802,Rice,4.75,6.08
Malawi,Africa,2917802,Soybeans,1.76,0.7899999999999999
Malawi,Africa,2917802,Nuts inc. Peanut Butter,5.08,8.99
Malaysia,Asia,6748378,Pork,7.76,27.47
Malaysia,Asia,6748378,Poultry,41.01,44.05
Malaysia,Asia,6748378,Beef,6.52,201.19
Malaysia,Asia,6748378,Lamb & Goat,0.9400000000000001,32.92
Malaysia,Asia,6748378,Fish,49.43,78.92
Malaysia,Asia,6748378,Eggs,16.57,15.219999999999999
Malaysia,Asia,6748378,Milk - inc. cheese,25.279999999999998,36.01
Malaysia,Asia,6748378,Wheat and Wheat Products,51.04,9.729999999999999
Malaysia,Asia,6748378,Rice,81.25,103.98
Malaysia,Asia,6748378,Soybeans,0.04,0.02
Malaysia,Asia,6748378,Nuts inc. Peanut Butter,2.9,5.13
Mauritius,Africa,516556,Pork,4.08,14.44
Mauritius,Africa,516556,Poultry,38.51,41.37
Mauritius,Africa,516556,Beef,5.99,184.84
Mauritius,Africa,516556,Lamb & Goat,4.08,142.88000000000002
Mauritius,Africa,516556,Fish,19.66,31.39
Mauritius,Africa,516556,Eggs,6.319999999999999,5.81
Mauritius,Africa,516556,Milk - inc. cheese,117.27,167.04
Mauritius,Africa,516556,Wheat and Wheat Products,114.02,21.74
Mauritius,Africa,516556,Rice,45.56,58.3
Mauritius,Africa,516556,Soybeans,0.3,0.14
Mauritius,Africa,516556,Nuts inc. Peanut Butter,2.3299999999999996,4.119999999999999
Mexico,Americas,30144317,Pork,15.229999999999999,53.91
Mexico,Americas,30144317,Poultry,30.12,32.349999999999994
Mexico,Americas,30144317,Beef,15.33,473.05
Mexico,Americas,30144317,Lamb & Goat,0.89,31.17
Mexico,Americas,30144317,Fish,7.56,12.07
Mexico,Americas,30144317,Eggs,18.34,16.85
Mexico,Americas,30144317,Milk - inc. cheese,111.86999999999999,159.35000000000002
Mexico,Americas,30144317,Wheat and Wheat Products,35.21,6.71
Mexico,Americas,30144317,Rice,5.64,7.22
Mexico,Americas,30144317,Soybeans,0.02,0.01
Mexico,Americas,30144317,Nuts inc. Peanut Butter,2.51,4.44
Morocco,Africa,9939217,Pork,0.01,0.04
Morocco,Africa,9939217,Poultry,20.77,22.310000000000002
Morocco,Africa,9939217,Beef,8.04,248.1
Morocco,Africa,9939217,Lamb & Goat,4.359999999999999,152.69
Morocco,Africa,9939217,Fish,17.439999999999998,27.85
Morocco,Africa,9939217,Eggs,6.68,6.14
Morocco,Africa,9939217,Milk - inc. cheese,54.68,77.89
Morocco,Africa,9939217,Wheat and Wheat Products,179.7,34.27
Morocco,Africa,9939217,Rice,1.1,1.41
Morocco,Africa,9939217,Soybeans,0,0
Morocco,Africa,9939217,Nuts inc. Peanut Butter,3.23,5.72
Mozambique,Africa,6446316,Pork,5.13,18.16
Mozambique,Africa,6446316,Poultry,1.41,1.51
Mozambique,Africa,6446316,Beef,1.04,32.09
Mozambique,Africa,6446316,Lamb & Goat,0.9,31.52
Mozambique,Africa,6446316,Fish,7.74,12.360000000000001
Mozambique,Africa,6446316,Eggs,1.7,1.56
Mozambique,Africa,6446316,Milk - inc. cheese,4.79,6.819999999999999
Mozambique,Africa,6446316,Wheat and Wheat Products,14.65,2.79
Mozambique,Africa,6446316,Rice,23.41,29.959999999999997
Mozambique,Africa,6446316,Soybeans,0.03,0.01
Mozambique,Africa,6446316,Nuts inc. Peanut Butter,2.61,4.619999999999999
Myanmar,Asia,20092996,Pork,11.31,40.03
Myanmar,Asia,20092996,Poultry,21.87,23.49
Myanmar,Asia,20092996,Beef,4.94,152.44
Myanmar,Asia,20092996,Lamb & Goat,0.89,31.17
Myanmar,Asia,20092996,Fish,54.260000000000005,86.64
Myanmar,Asia,20092996,Eggs,6.45,5.92
Myanmar,Asia,20092996,Milk - inc. cheese,31.479999999999997,44.839999999999996
Myanmar,Asia,20092996,Wheat and Wheat Products,6.22,1.1900000000000002
Myanmar,Asia,20092996,Rice,132.8,169.94
Myanmar,Asia,20092996,Soybeans,0.38,0.17
Myanmar,Asia,20092996,Nuts inc. Peanut Butter,4.5,7.970000000000001
Namibia,Africa,485831,Pork,4.21,14.9
Namibia,Africa,485831,Poultry,12.19,13.09
Namibia,Africa,485831,Beef,3.75,115.72
Namibia,Africa,485831,Lamb & Goat,2.27,79.5
Namibia,Africa,485831,Fish,10.7,17.08
Namibia,Africa,485831,Eggs,1.6300000000000001,1.5
Namibia,Africa,485831,Milk - inc. cheese,73.05,104.05
Namibia,Africa,485831,Wheat and Wheat Products,36.260000000000005,6.91
Namibia,Africa,485831,Rice,6.31,8.07
Namibia,Africa,485831,Soybeans,0.07,0.03
Namibia,Africa,485831,Nuts inc. Peanut Butter,0.71,1.26
Nepal,Asia,9182536,Pork,0.6699999999999999,2.3699999999999997
Nepal,Asia,9182536,Poultry,1.56,1.6800000000000002
Nepal,Asia,9182536,Beef,7.89,243.47
Nepal,Asia,9182536,Lamb & Goat,2.1,73.54
Nepal,Asia,9182536,Fish,2.17,3.46
Nepal,Asia,9182536,Eggs,1.42,1.3
Nepal,Asia,9182536,Milk - inc. cheese,52.1,74.21000000000001
Nepal,Asia,9182536,Wheat and Wheat Products,50.46,9.62
Nepal,Asia,9182536,Rice,87.75,112.29
Nepal,Asia,9182536,Soybeans,0.01,0
Nepal,Asia,9182536,Nuts inc. Peanut Butter,2.42,4.28
Netherlands,Europe,10381988,Pork,36.36,128.7
Netherlands,Europe,10381988,Poultry,23.9,25.67
Netherlands,Europe,10381988,Beef,17.67,545.26
Netherlands,Europe,10381988,Lamb & Goat,0.9400000000000001,32.92
Netherlands,Europe,10381988,Fish,18.64,29.759999999999998
Netherlands,Europe,10381988,Eggs,14.03,12.89
Netherlands,Europe,10381988,Milk - inc. cheese,341.46999999999997,486.39
Netherlands,Europe,10381988,Wheat and Wheat Products,70.16999999999999,13.38
Netherlands,Europe,10381988,Rice,2.9299999999999997,3.75
Netherlands,Europe,10381988,Soybeans,0.12000000000000001,0.05
Netherlands,Europe,10381988,Nuts inc. Peanut Butter,7.94,14.05
New Zealand,Oceania,1994794,Pork,22.29,78.9
New Zealand,Oceania,1994794,Poultry,34.98,37.58
New Zealand,Oceania,1994794,Beef,22.49,693.99
New Zealand,Oceania,1994794,Lamb & Goat,18.91,662.23
New Zealand,Oceania,1994794,Fish,20.36,32.51
New Zealand,Oceania,1994794,Eggs,9.91,9.1
New Zealand,Oceania,1994794,Milk - inc. cheese,137.25,195.5
New Zealand,Oceania,1994794,Wheat and Wheat Products,76.91000000000001,14.67
New Zealand,Oceania,1994794,Rice,9.16,11.719999999999999
New Zealand,Oceania,1994794,Soybeans,0.44,0.2
New Zealand,Oceania,1994794,Nuts inc. Peanut Butter,8.219999999999999,14.55
Nicaragua,Americas,1165790,Pork,3.38,11.96
Nicaragua,Americas,1165790,Poultry,21.310000000000002,22.89
Nicaragua,Americas,1165790,Beef,4.73,145.96
Nicaragua,Americas,1165790,Lamb & Goat,0.01,0.35
Nicaragua,Americas,1165790,Fish,3.59,5.73
Nicaragua,Americas,1165790,Eggs,4.9,4.5
Nicaragua,Americas,1165790,Milk - inc. cheese,85.16,121.3
Nicaragua,Americas,1165790,Wheat and Wheat Products,28.17,5.37
Nicaragua,Americas,1165790,Rice,43.33,55.449999999999996
Nicaragua,Americas,1165790,Soybeans,0.01,0
Nicaragua,Americas,1165790,Nuts inc. Peanut Butter,2.36,4.18
Niger,Africa,3379468,Pork,0.09,0.32
Niger,Africa,3379468,Poultry,1.08,1.1600000000000001
Niger,Africa,3379468,Beef,8.97,276.8
Niger,Africa,3379468,Lamb & Goat,4.17,146.03
Niger,Africa,3379468,Fish,2.7,4.31
Niger,Africa,3379468,Eggs,0.3,0.28
Niger,Africa,3379468,Milk - inc. cheese,58.92,83.93
Niger,Africa,3379468,Wheat and Wheat Products,4.79,0.91
Niger,Africa,3379468,Rice,13.17,16.85
Niger,Africa,3379468,Soybeans,0,0
Niger,Africa,3379468,Nuts inc. Peanut Butter,6.95,12.3
Nigeria,Africa,33119096,Pork,1.47,5.2
Nigeria,Africa,33119096,Poultry,1.73,1.86
Nigeria,Africa,33119096,Beef,2.3299999999999996,71.9
Nigeria,Africa,33119096,Lamb & Goat,2.72,95.25
Nigeria,Africa,33119096,Fish,16.03,25.59
Nigeria,Africa,33119096,Eggs,3.46,3.18
Nigeria,Africa,33119096,Milk - inc. cheese,7.91,11.27
Nigeria,Africa,33119096,Wheat and Wheat Products,20.82,3.9699999999999998
Nigeria,Africa,33119096,Rice,28.23,36.13
Nigeria,Africa,33119096,Soybeans,2.6,1.1700000000000002
Nigeria,Africa,33119096,Nuts inc. Peanut Butter,6.930000000000001,12.27
Norway,Europe,3327728,Pork,23.51,83.21000000000001
Norway,Europe,3327728,Poultry,21.01,22.57
Norway,Europe,3327728,Beef,19.830000000000002,611.91
Norway,Europe,3327728,Lamb & Goat,5.34,187.01
Norway,Europe,3327728,Fish,38.18,60.96
Norway,Europe,3327728,Eggs,11.41,10.48
Norway,Europe,3327728,Milk - inc. cheese,261.34000000000003,372.25
Norway,Europe,3327728,Wheat and Wheat Products,97.11999999999999,18.52
Norway,Europe,3327728,Rice,4.359999999999999,5.58
Norway,Europe,3327728,Soybeans,0.11,0.05
Norway,Europe,3327728,Nuts inc. Peanut Butter,5.28,9.350000000000001
Oman,Asia,507833,Pork,0.01,0.04
Oman,Asia,507833,Poultry,31.51,33.849999999999994
Oman,Asia,507833,Beef,15.1,465.95
Oman,Asia,507833,Lamb & Goat,12.870000000000001,450.71
Oman,Asia,507833,Fish,21.56,34.42
Oman,Asia,507833,Eggs,7.8,7.17
Oman,Asia,507833,Milk - inc. cheese,152.28,216.91
Oman,Asia,507833,Wheat and Wheat Products,64.1,12.219999999999999
Oman,Asia,507833,Rice,56.55,72.36999999999999
Oman,Asia,507833,Soybeans,0.21000000000000002,0.09
Oman,Asia,507833,Nuts inc. Peanut Butter,1.6800000000000002,2.9699999999999998
Pakistan,Asia,41346560,Pork,0,0
Pakistan,Asia,41346560,Poultry,5.01,5.38
Pakistan,Asia,41346560,Beef,8.82,272.17
Pakistan,Asia,41346560,Lamb & Goat,2.46,86.14999999999999
Pakistan,Asia,41346560,Fish,1.87,2.9899999999999998
Pakistan,Asia,41346560,Eggs,2.9499999999999997,2.71
Pakistan,Asia,41346560,Milk - inc. cheese,183.13,260.85
Pakistan,Asia,41346560,Wheat and Wheat Products,113.63,21.67
Pakistan,Asia,41346560,Rice,12.25,15.68
Pakistan,Asia,41346560,Soybeans,0,0
Pakistan,Asia,41346560,Nuts inc. Peanut Butter,0.8300000000000001,1.47
Panama,Americas,940080,Pork,13.48,47.71
Panama,Americas,940080,Poultry,30.810000000000002,33.1
Panama,Americas,940080,Beef,20.4,629.5
Panama,Americas,940080,Lamb & Goat,0.01,0.35
Panama,Americas,940080,Fish,11.05,17.64
Panama,Americas,940080,Eggs,4.53,4.159999999999999
Panama,Americas,940080,Milk - inc. cheese,70.29,100.11999999999999
Panama,Americas,940080,Wheat and Wheat Products,38.96,7.430000000000001
Panama,Americas,940080,Rice,66.42,85
Panama,Americas,940080,Soybeans,3.53,1.59
Panama,Americas,940080,Nuts inc. Peanut Butter,1.05,1.86
Paraguay,Americas,1555876,Pork,26.24,92.88
Paraguay,Americas,1555876,Poultry,6.39,6.859999999999999
Paraguay,Americas,1555876,Beef,19.810000000000002,611.2900000000001
Paraguay,Americas,1555876,Lamb & Goat,0.56,19.610000000000003
Paraguay,Americas,1555876,Fish,3.6,5.75
Paraguay,Americas,1555876,Eggs,18.830000000000002,17.3
Paraguay,Americas,1555876,Milk - inc. cheese,75.72,107.86
Paraguay,Americas,1555876,Wheat and Wheat Products,31.51,6.01
Paraguay,Americas,1555876,Rice,4.91,6.28
Paraguay,Americas,1555876,Soybeans,0,0
Paraguay,Americas,1555876,Nuts inc. Peanut Butter,1.6,2.8299999999999996
Peru,Americas,8025700,Pork,3.8499999999999996,13.629999999999999
Peru,Americas,8025700,Poultry,11.719999999999999,12.59
Peru,Americas,8025700,Beef,4.6899999999999995,144.72
Peru,Americas,8025700,Lamb & Goat,1,35.02
Peru,Americas,8025700,Fish,15.739999999999998,25.130000000000003
Peru,Americas,8025700,Eggs,8.76,8.05
Peru,Americas,8025700,Milk - inc. cheese,62.15,88.53
Peru,Americas,8025700,Wheat and Wheat Products,56.120000000000005,10.7
Peru,Americas,8025700,Rice,48.92,62.6
Peru,Americas,8025700,Soybeans,1.59,0.72
Peru,Americas,8025700,Nuts inc. Peanut Butter,0.65,1.1500000000000001
Philippines,Asia,22438691,Pork,18.4,65.13
Philippines,Asia,22438691,Poultry,11.91,12.79
Philippines,Asia,22438691,Beef,4.06,125.28
Philippines,Asia,22438691,Lamb & Goat,0.56,19.610000000000003
Philippines,Asia,22438691,Fish,28.51,45.52
Philippines,Asia,22438691,Eggs,4.02,3.69
Philippines,Asia,22438691,Milk - inc. cheese,15.66,22.310000000000002
Philippines,Asia,22438691,Wheat and Wheat Products,23.12,4.41
Philippines,Asia,22438691,Rice,119.44000000000001,152.85000000000002
Philippines,Asia,22438691,Soybeans,0.03,0.01
Philippines,Asia,22438691,Nuts inc. Peanut Butter,2.08,3.68
Poland,Europe,25730551,Pork,46.190000000000005,163.49
Poland,Europe,25730551,Poultry,27.41,29.439999999999998
Poland,Europe,25730551,Beef,2.32,71.59
Poland,Europe,25730551,Lamb & Goat,0.02,0.7
Poland,Europe,25730551,Fish,10.49,16.75
Poland,Europe,25730551,Eggs,7.53,6.92
Poland,Europe,25730551,Milk - inc. cheese,205.39000000000001,292.56
Poland,Europe,25730551,Wheat and Wheat Products,108.83,20.75
Poland,Europe,25730551,Rice,0.9500000000000001,1.22
Poland,Europe,25730551,Soybeans,0.06,0.03
Poland,Europe,25730551,Nuts inc. Peanut Butter,2.23,3.9499999999999997
Portugal,Europe,8526050,Pork,37.91,134.18
Portugal,Europe,8526050,Poultry,30.14,32.379999999999995
Portugal,Europe,8526050,Beef,16.45,507.61
Portugal,Europe,8526050,Lamb & Goat,2.38,83.35
Portugal,Europe,8526050,Fish,45.39,72.47
Portugal,Europe,8526050,Eggs,9.05,8.31
Portugal,Europe,8526050,Milk - inc. cheese,205.04,292.06
Portugal,Europe,8526050,Wheat and Wheat Products,94.3,17.979999999999997
Portugal,Europe,8526050,Rice,14.860000000000001,19.02
Portugal,Europe,8526050,Soybeans,0.01,0
Portugal,Europe,8526050,Nuts inc. Peanut Butter,3.9099999999999997,6.92
Romania,Europe,16630000,Pork,25.310000000000002,89.58
Romania,Europe,16630000,Poultry,15.38,16.52
Romania,Europe,16630000,Beef,4.78,147.5
Romania,Europe,16630000,Lamb & Goat,3.4099999999999997,119.42
Romania,Europe,16630000,Fish,6.07,9.69
Romania,Europe,16630000,Eggs,12.94,11.89
Romania,Europe,16630000,Milk - inc. cheese,238.33,339.47999999999996
Romania,Europe,16630000,Wheat and Wheat Products,134.87,25.72
Romania,Europe,16630000,Rice,2.59,3.3099999999999996
Romania,Europe,16630000,Soybeans,0.01,0
Romania,Europe,16630000,Nuts inc. Peanut Butter,1.8,3.19
Rwanda,Africa,2534927,Pork,0.76,2.69
Rwanda,Africa,2534927,Poultry,1.34,1.44
Rwanda,Africa,2534927,Beef,2.53,78.07
Rwanda,Africa,2534927,Lamb & Goat,1.93,67.59
Rwanda,Africa,2534927,Fish,3.88,6.2
Rwanda,Africa,2534927,Eggs,0.16,0.15000000000000002
Rwanda,Africa,2534927,Milk - inc. cheese,7.23,10.3
Rwanda,Africa,2534927,Wheat and Wheat Products,11.34,2.16
Rwanda,Africa,2534927,Rice,8.7,11.129999999999999
Rwanda,Africa,2534927,Soybeans,1.93,0.8700000000000001
Rwanda,Africa,2534927,Nuts inc. Peanut Butter,0.58,1.03
Saudi Arabia,Asia,4005677,Pork,0,0
Saudi Arabia,Asia,4005677,Poultry,49.05,52.690000000000005
Saudi Arabia,Asia,4005677,Beef,6.45,199.03
Saudi Arabia,Asia,4005677,Lamb & Goat,6.54,229.03
Saudi Arabia,Asia,4005677,Fish,11.99,19.14
Saudi Arabia,Asia,4005677,Eggs,5.37,4.930000000000001
Saudi Arabia,Asia,4005677,Milk - inc. cheese,83.64999999999999,119.14999999999999
Saudi Arabia,Asia,4005677,Wheat and Wheat Products,89.47,17.06
Saudi Arabia,Asia,4005677,Rice,36.02,46.09
Saudi Arabia,Asia,4005677,Soybeans,0.05,0.02
Saudi Arabia,Asia,4005677,Nuts inc. Peanut Butter,3.23,5.72
Senegal,Africa,2755589,Pork,0.9400000000000001,3.3299999999999996
Senegal,Africa,2755589,Poultry,4.619999999999999,4.96
Senegal,Africa,2755589,Beef,5.85,180.52
Senegal,Africa,2755589,Lamb & Goat,3.19,111.71000000000001
Senegal,Africa,2755589,Fish,22.939999999999998,36.63
Senegal,Africa,2755589,Eggs,1.6300000000000001,1.5
Senegal,Africa,2755589,Milk - inc. cheese,16.86,24.02
Senegal,Africa,2755589,Wheat and Wheat Products,37.32,7.119999999999999
Senegal,Africa,2755589,Rice,72.29,92.51
Senegal,Africa,2755589,Soybeans,0,0
Senegal,Africa,2755589,Nuts inc. Peanut Butter,4.03,7.13
Serbia,Europe,6860147,Pork,32.04,113.41000000000001
Serbia,Europe,6860147,Poultry,10.639999999999999,11.43
Serbia,Europe,6860147,Beef,7.05,217.55
Serbia,Europe,6860147,Lamb & Goat,3.56,124.66999999999999
Serbia,Europe,6860147,Fish,5.59,8.93
Serbia,Europe,6860147,Eggs,8.89,8.17
Serbia,Europe,6860147,Milk - inc. cheese,148.53,211.57
Serbia,Europe,6860147,Wheat and Wheat Products,105.88,20.19
Serbia,Europe,6860147,Rice,1.22,1.56
Serbia,Europe,6860147,Soybeans,0,0
Serbia,Europe,6860147,Nuts inc. Peanut Butter,3.3099999999999996,5.859999999999999
Sierra Leone,Africa,2143249,Pork,1.22,4.319999999999999
Sierra Leone,Africa,2143249,Poultry,4.970000000000001,5.34
Sierra Leone,Africa,2143249,Beef,1.99,61.41
Sierra Leone,Africa,2143249,Lamb & Goat,0.65,22.759999999999998
Sierra Leone,Africa,2143249,Fish,32.03,51.14
Sierra Leone,Africa,2143249,Eggs,1.92,1.76
Sierra Leone,Africa,2143249,Milk - inc. cheese,7,9.97
Sierra Leone,Africa,2143249,Wheat and Wheat Products,8.719999999999999,1.6600000000000001
Sierra Leone,Africa,2143249,Rice,103.3,132.19
Sierra Leone,Africa,2143249,Soybeans,0,0
Sierra Leone,Africa,2143249,Nuts inc. Peanut Butter,5.57,9.860000000000001
Slovenia,Europe,1489518,Pork,28.19,99.78
Slovenia,Europe,1489518,Poultry,23.459999999999997,25.2
Slovenia,Europe,1489518,Beef,18.43,568.71
Slovenia,Europe,1489518,Lamb & Goat,0.7899999999999999,27.67
Slovenia,Europe,1489518,Fish,7.76,12.39
Slovenia,Europe,1489518,Eggs,9.360000000000001,8.6
Slovenia,Europe,1489518,Milk - inc. cheese,235.01,334.75
Slovenia,Europe,1489518,Wheat and Wheat Products,103.43,19.72
Slovenia,Europe,1489518,Rice,3.9499999999999997,5.05
Slovenia,Europe,1489518,Soybeans,0.75,0.33999999999999997
Slovenia,Europe,1489518,Nuts inc. Peanut Butter,5.28,9.350000000000001
South Africa,Africa,14264935,Pork,4.159999999999999,14.719999999999999
South Africa,Africa,14264935,Poultry,37.57,40.36
South Africa,Africa,14264935,Beef,18.03,556.37
South Africa,Africa,14264935,Lamb & Goat,4.28,149.89000000000001
South Africa,Africa,14264935,Fish,5.56,8.88
South Africa,Africa,14264935,Eggs,7.21,6.619999999999999
South Africa,Africa,14264935,Milk - inc. cheese,55.75,79.41000000000001
South Africa,Africa,14264935,Wheat and Wheat Products,60.13,11.47
South Africa,Africa,14264935,Rice,17.41,22.279999999999998
South Africa,Africa,14264935,Soybeans,1.27,0.5700000000000001
South Africa,Africa,14264935,Nuts inc. Peanut Butter,1.04,1.84
Spain,Europe,28549870,Pork,48.92,173.15
Spain,Europe,28549870,Poultry,28.630000000000003,30.75
Spain,Europe,28549870,Beef,12.15,374.91999999999996
Spain,Europe,28549870,Lamb & Goat,2.16,75.64
Spain,Europe,28549870,Fish,28.830000000000002,46.03
Spain,Europe,28549870,Eggs,13.32,12.239999999999998
Spain,Europe,28549870,Milk - inc. cheese,164.29,234.01
Spain,Europe,28549870,Wheat and Wheat Products,93.88,17.9
Spain,Europe,28549870,Rice,8.32,10.65
Spain,Europe,28549870,Soybeans,0.02,0.01
Spain,Europe,28549870,Nuts inc. Peanut Butter,7.44,13.17
Sri Lanka,Asia,7982342,Pork,0.05,0.18
Sri Lanka,Asia,7982342,Poultry,4.96,5.33
Sri Lanka,Asia,7982342,Beef,1.3800000000000001,42.58
Sri Lanka,Asia,7982342,Lamb & Goat,0.09,3.15
Sri Lanka,Asia,7982342,Fish,24.919999999999998,39.790000000000006
Sri Lanka,Asia,7982342,Eggs,4.57,4.2
Sri Lanka,Asia,7982342,Milk - inc. cheese,34.98,49.83
Sri Lanka,Asia,7982342,Wheat and Wheat Products,37.01,7.06
Sri Lanka,Asia,7982342,Rice,109.72,140.41
Sri Lanka,Asia,7982342,Soybeans,0,0
Sri Lanka,Asia,7982342,Nuts inc. Peanut Butter,1.09,1.93
Swaziland,Africa,290243,Pork,2.4299999999999997,8.6
Swaziland,Africa,290243,Poultry,6.18,6.64
Swaziland,Africa,290243,Beef,15.1,465.95
Swaziland,Africa,290243,Lamb & Goat,1.94,67.94000000000001
Swaziland,Africa,290243,Fish,1.26,2.01
Swaziland,Africa,290243,Eggs,1.5,1.3800000000000001
Swaziland,Africa,290243,Milk - inc. cheese,56.6,80.61999999999999
Swaziland,Africa,290243,Wheat and Wheat Products,37.15,7.08
Swaziland,Africa,290243,Rice,21.150000000000002,27.07
Swaziland,Africa,290243,Soybeans,0.55,0.25
Swaziland,Africa,290243,Nuts inc. Peanut Butter,6.44,11.4
Sweden,Europe,7124673,Pork,37,130.96
Sweden,Europe,7124673,Poultry,16.64,17.87
Sweden,Europe,7124673,Beef,24.58,758.49
Sweden,Europe,7124673,Lamb & Goat,1.41,49.379999999999995
Sweden,Europe,7124673,Fish,23.86,38.1
Sweden,Europe,7124673,Eggs,13.370000000000001,12.28
Sweden,Europe,7124673,Milk - inc. cheese,341.22999999999996,486.05
Sweden,Europe,7124673,Wheat and Wheat Products,79.59,15.18
Sweden,Europe,7124673,Rice,5.96,7.63
Sweden,Europe,7124673,Soybeans,0.13,0.06
Sweden,Europe,7124673,Nuts inc. Peanut Butter,6.23,11.03
Switzerland,Europe,4815000,Pork,31.49,111.46000000000001
Switzerland,Europe,4815000,Poultry,16.38,17.6
Switzerland,Europe,4815000,Beef,21.259999999999998,656.04
Switzerland,Europe,4815000,Lamb & Goat,1.42,49.730000000000004
Switzerland,Europe,4815000,Fish,13.48,21.52
Switzerland,Europe,4815000,Eggs,10.53,9.67
Switzerland,Europe,4815000,Milk - inc. cheese,318.69,453.94
Switzerland,Europe,4815000,Wheat and Wheat Products,89.51,17.07
Switzerland,Europe,4815000,Rice,2.4299999999999997,3.11
Switzerland,Europe,4815000,Soybeans,0.44,0.2
Switzerland,Europe,4815000,Nuts inc. Peanut Butter,9.27,16.41
Tanzania,Africa,8322925,Pork,0.32,1.1300000000000001
Tanzania,Africa,8322925,Poultry,1.84,1.98
Tanzania,Africa,8322925,Beef,6.09,187.92000000000002
Tanzania,Africa,8322925,Lamb & Goat,1.28,44.83
Tanzania,Africa,8322925,Fish,5.5,8.78
Tanzania,Africa,8322925,Eggs,0.58,0.53
Tanzania,Africa,8322925,Milk - inc. cheese,40.290000000000006,57.39
Tanzania,Africa,8322925,Wheat and Wheat Products,15.94,3.04
Tanzania,Africa,8322925,Rice,21.01,26.89
Tanzania,Africa,8322925,Soybeans,0.04,0.02
Tanzania,Africa,8322925,Nuts inc. Peanut Butter,5.94,10.51
Thailand,Asia,21289402,Pork,13,46.01
Thailand,Asia,21289402,Poultry,13.69,14.709999999999999
Thailand,Asia,21289402,Beef,2.56,79
Thailand,Asia,21289402,Lamb & Goat,0.05,1.75
Thailand,Asia,21289402,Fish,19.45,31.06
Thailand,Asia,21289402,Eggs,12.350000000000001,11.34
Thailand,Asia,21289402,Milk - inc. cheese,29.35,41.809999999999995
Thailand,Asia,21289402,Wheat and Wheat Products,10.93,2.08
Thailand,Asia,21289402,Rice,114.57,146.62
Thailand,Asia,21289402,Soybeans,2.13,0.96
Thailand,Asia,21289402,Nuts inc. Peanut Butter,1.5,2.66
Togo,Africa,1219113,Pork,1.57,5.56
Togo,Africa,1219113,Poultry,6.63,7.119999999999999
Togo,Africa,1219113,Beef,1.53,47.21
Togo,Africa,1219113,Lamb & Goat,1.58,55.33
Togo,Africa,1219113,Fish,11.69,18.67
Togo,Africa,1219113,Eggs,0.8600000000000001,0.7899999999999999
Togo,Africa,1219113,Milk - inc. cheese,7.96,11.34
Togo,Africa,1219113,Wheat and Wheat Products,12.91,2.46
Togo,Africa,1219113,Rice,25.99,33.260000000000005
Togo,Africa,1219113,Soybeans,0.01,0
Togo,Africa,1219113,Nuts inc. Peanut Butter,3.59,6.35
Trinidad and Tobago,Americas,662850,Pork,8.92,31.57
Trinidad and Tobago,Americas,662850,Poultry,58.27,62.59
Trinidad and Tobago,Americas,662850,Beef,6.13,189.16
Trinidad and Tobago,Americas,662850,Lamb & Goat,2.79,97.71000000000001
Trinidad and Tobago,Americas,662850,Fish,20.54,32.8
Trinidad and Tobago,Americas,662850,Eggs,4.2,3.86
Trinidad and Tobago,Americas,662850,Milk - inc. cheese,103.8,147.85000000000002
Trinidad and Tobago,Americas,662850,Wheat and Wheat Products,90.16999999999999,17.2
Trinidad and Tobago,Americas,662850,Rice,16.38,20.959999999999997
Trinidad and Tobago,Americas,662850,Soybeans,0.04,0.02
Trinidad and Tobago,Americas,662850,Nuts inc. Peanut Butter,3.7800000000000002,6.6899999999999995
Tunisia,Africa,3647735,Pork,0,0
Tunisia,Africa,3647735,Poultry,18.5,19.87
Tunisia,Africa,3647735,Beef,5.53,170.64
Tunisia,Africa,3647735,Lamb & Goat,5.34,187.01
Tunisia,Africa,3647735,Fish,12.629999999999999,20.17
Tunisia,Africa,3647735,Eggs,7.67,7.05
Tunisia,Africa,3647735,Milk - inc. cheese,114.47,163.05
Tunisia,Africa,3647735,Wheat and Wheat Products,197.5,37.660000000000004
Tunisia,Africa,3647735,Rice,1.07,1.37
Tunisia,Africa,3647735,Soybeans,1.8800000000000001,0.8500000000000001
Tunisia,Africa,3647735,Nuts inc. Peanut Butter,6.34,11.219999999999999
Turkey,Europe,22235677,Pork,0.01,0.04
Turkey,Europe,22235677,Poultry,18.779999999999998,20.17
Turkey,Europe,22235677,Beef,11.639999999999999,359.19
Turkey,Europe,22235677,Lamb & Goat,4.68,163.89000000000001
Turkey,Europe,22235677,Fish,5.58,8.91
Turkey,Europe,22235677,Eggs,8.2,7.53
Turkey,Europe,22235677,Milk - inc. cheese,193.94,276.25
Turkey,Europe,22235677,Wheat and Wheat Products,169.96,32.41
Turkey,Europe,22235677,Rice,10.739999999999998,13.739999999999998
Turkey,Europe,22235677,Soybeans,1.71,0.77
Turkey,Europe,22235677,Nuts inc. Peanut Butter,7.970000000000001,14.11
Uganda,Africa,5824797,Pork,3.3699999999999997,11.93
Uganda,Africa,5824797,Poultry,1.51,1.62
Uganda,Africa,5824797,Beef,5.1499999999999995,158.92000000000002
Uganda,Africa,5824797,Lamb & Goat,1.25,43.77
Uganda,Africa,5824797,Fish,12.5,19.959999999999997
Uganda,Africa,5824797,Eggs,0.97,0.89
Uganda,Africa,5824797,Milk - inc. cheese,37.27,53.09
Uganda,Africa,5824797,Wheat and Wheat Products,10.139999999999999,1.93
Uganda,Africa,5824797,Rice,4.64,5.94
Uganda,Africa,5824797,Soybeans,0.01,0
Uganda,Africa,5824797,Nuts inc. Peanut Butter,3.77,6.67
United Kingdom,Europe,50430000,Pork,25.79,91.28
United Kingdom,Europe,50430000,Poultry,31.55,33.89
United Kingdom,Europe,50430000,Beef,18.12,559.15
United Kingdom,Europe,50430000,Lamb & Goat,4.49,157.23999999999998
United Kingdom,Europe,50430000,Fish,15.49,24.73
United Kingdom,Europe,50430000,Eggs,11.08,10.18
United Kingdom,Europe,50430000,Milk - inc. cheese,232.2,330.75
United Kingdom,Europe,50430000,Wheat and Wheat Products,98.63,18.810000000000002
United Kingdom,Europe,50430000,Rice,6.39,8.18
United Kingdom,Europe,50430000,Soybeans,0.05,0.02
United Kingdom,Europe,50430000,Nuts inc. Peanut Butter,4.18,7.4
Uruguay,Americas,2252965,Pork,16.84,59.61
Uruguay,Americas,2252965,Poultry,27.45,29.49
Uruguay,Americas,2252965,Beef,29.1,897.9599999999999
Uruguay,Americas,2252965,Lamb & Goat,8.229999999999999,288.21
Uruguay,Americas,2252965,Fish,6.53,10.43
Uruguay,Americas,2252965,Eggs,13.139999999999999,12.07
Uruguay,Americas,2252965,Milk - inc. cheese,210.54,299.89
Uruguay,Americas,2252965,Wheat and Wheat Products,109.31,20.85
Uruguay,Americas,2252965,Rice,11.5,14.719999999999999
Uruguay,Americas,2252965,Soybeans,0.01,0
Uruguay,Americas,2252965,Nuts inc. Peanut Butter,0.9500000000000001,1.6800000000000002
Venezuela,Americas,5439568,Pork,7.23,25.59
Venezuela,Americas,5439568,Poultry,39.28,42.190000000000005
Venezuela,Americas,5439568,Beef,25.89,798.91
Venezuela,Americas,5439568,Lamb & Goat,0.32,11.209999999999999
Venezuela,Americas,5439568,Fish,8.34,13.32
Venezuela,Americas,5439568,Eggs,5.63,5.17
Venezuela,Americas,5439568,Milk - inc. cheese,117.79,167.78
Venezuela,Americas,5439568,Wheat and Wheat Products,49.17,9.38
Venezuela,Americas,5439568,Rice,23.39,29.93
Venezuela,Americas,5439568,Soybeans,0,0
Venezuela,Americas,5439568,Nuts inc. Peanut Butter,0.35,0.62
Vietnam,Asia,26246839,Pork,35,123.88
Vietnam,Asia,26246839,Poultry,12.360000000000001,13.28
Vietnam,Asia,26246839,Beef,7.44,229.58
Vietnam,Asia,26246839,Lamb & Goat,0.14,4.9
Vietnam,Asia,26246839,Fish,26.52,42.339999999999996
Vietnam,Asia,26246839,Eggs,3.84,3.53
Vietnam,Asia,26246839,Milk - inc. cheese,16.36,23.3
Vietnam,Asia,26246839,Wheat and Wheat Products,10.49,2
Vietnam,Asia,26246839,Rice,144.56,184.99
Vietnam,Asia,26246839,Soybeans,5.75,2.59
Vietnam,Asia,26246839,Nuts inc. Peanut Butter,6.28,11.12
Zambia,Africa,2672000,Pork,1.6600000000000001,5.88
Zambia,Africa,2672000,Poultry,3.29,3.53
Zambia,Africa,2672000,Beef,4.76,146.88000000000002
Zambia,Africa,2672000,Lamb & Goat,0.6799999999999999,23.810000000000002
Zambia,Africa,2672000,Fish,6.2,9.9
Zambia,Africa,2672000,Eggs,3.32,3.05
Zambia,Africa,2672000,Milk - inc. cheese,9.709999999999999,13.83
Zambia,Africa,2672000,Wheat and Wheat Products,12.1,2.3099999999999996
Zambia,Africa,2672000,Rice,3.05,3.9
Zambia,Africa,2672000,Soybeans,7.3,3.29
Zambia,Africa,2672000,Nuts inc. Peanut Butter,5.04,8.92
Zimbabwe,Africa,3080907,Pork,2.65,9.38
Zimbabwe,Africa,3080907,Poultry,4.970000000000001,5.34
Zimbabwe,Africa,3080907,Beef,7.37,227.42000000000002
Zimbabwe,Africa,3080907,Lamb & Goat,0.96,33.620000000000005
Zimbabwe,Africa,3080907,Fish,2.8,4.470000000000001
Zimbabwe,Africa,3080907,Eggs,1.75,1.61
Zimbabwe,Africa,3080907,Milk - inc. cheese,31.9,45.44
Zimbabwe,Africa,3080907,Wheat and Wheat Products,31.310000000000002,5.970000000000001
Zimbabwe,Africa,3080907,Rice,10.09,12.91
Zimbabwe,Africa,3080907,Soybeans,0.54,0.24000000000000002
Zimbabwe,Africa,3080907,Nuts inc. Peanut Butter,2.22,3.9299999999999997
